id,ts,epoch,strategy_id,symbol,position_id,side,qty,price,fee,slippage_bps,kind,realized_pnl,simulated,signal_id,exchange_order_id,meta_json,ref_price,leverage,position_side,is_open,wallet_equity_after,wallet_upnl_after,life
f0fbbcd67deb4d3b,1789916553620,3,S06,SOLUSDT,4436fb7479cc4d3e,BUY,7.3,108.42817717164192,0.3166102773411944,2.599370077667838,trail,-3.382088410514352,1,d7b2517ef68f4a98,,"{""reason"":""trail hit at 108.392"",""fraction"":1.0,""leg"":null,""remaining"":0.0,""r"":-1.138447578113513}",108.4,15,short,0,81.46034252155648,0.0,1
486516e30eb44c68,1789916544194,3,S10,ETHUSDT,c13ce46eee374f57,BUY,0.095,2595.9752155598344,0.09864705819127371,2.7173109535209248,stop,-2.2393527290007613,1,db28c7775ebc4aa1,,"{""reason"":""stop hit at 2595.23"",""fraction"":1.0,""leg"":null,""remaining"":0.0,""r"":-1.1232564268581129}",2595.27,15,short,0,102.56030520986114,0.0,1
c3af5ce78f45486d,1789916522397,3,S09,ETHUSDT,a1f8d86f0d394c51,SELL,0.562,2590.690548831146,0.5823872353772417,1.6188088072462101,stop,-2.463644008481271,1,6bb0213a3b6444c4,,"{""reason"":""stop hit at 2592.6"",""fraction"":1.0,""leg"":null,""remaining"":0.0,""r"":-2.6051337598338726}",2591.11,15,long,0,93.59454052875542,0.0,4
7264f456e345496a,1789916520730,3,S09,ETHUSDT,a1f8d86f0d394c51,BUY,0.562,2595.0742570312905,0.5833726929806341,1.4423903776575393,entry,0.0,1,6bb0213a3b6444c4,,"{""reason"":""ATR expansion x1.63 long break of 12-bar range"",""leg"":null,""stop"":2592.5953002030233,""size_mult"":1.0}",2594.7,15,long,1,96.43023932102858,-0.21033245158534739,4
880b5561d5824c59,1789916483006,3,S07,ETHUSDT,f8780b87314b408f,SELL,0.581,2590.8305147479373,0.6021090116274206,2.4676544666254916,tp,5.7630302769339385,1,1f7f970f5b24408c,,"{""reason"":""take-profit"",""fraction"":1.0,""leg"":null,""remaining"":0.0,""r"":2.3424039008103263}",2591.47,15,long,0,104.56111746578986,0.0,2
bf316cd13be84930,1789916475341,3,S18,ETHUSDT,e11c6bfe55cd4c34,BUY,0.353,2589.5940082409547,0.36565067396362283,2.371622186941843,stop,-4.304360432039422,1,12bff048d8024b04,,"{""reason"":""stop hit at 2588.97"",""fraction"":1.0,""leg"":null,""remaining"":0.0,""r"":-1.2324940737661212}",2588.98,15,short,0,91.07517873418765,0.0,1
cac6e7cf72654673,1789916400591,3,S04,ETHUSDT,0baeb31580cf43aa,BUY,0.484,2586.697399385825,0.5007846165210957,2.6968267046599275,entry,0.0,1,a730375b6ca74348,,"{""reason"":""Donchian12 break long (tp1 2.0R, runner 4.0R)"",""leg"":null,""stop"":2579.88,""size_mult"":1.0}",2586.0,15,long,1,82.75322345870141,-0.33754130273933153,1
a6e423a7dc634b23,1789916280487,3,S01,SOLUSDT,8bf17078e30c41bf,SELL,13.86,108.18944035745335,0.5998022573417214,1.8999762079887572,entry,0.0,1,d006a874ddcb4721,,"{""reason"":""EMA5/13 cross short"",""leg"":null,""stop"":108.42092310985842,""size_mult"":1.0}",108.21,15,short,1,99.1152410969618,-0.28495664569648427,2
33ac8f77e30f4074,1789916179017,3,S01,SOLUSDT,afbfc7e801b54d3c,BUY,10.68,108.34605428556627,0.4628543439079391,1.4819796516462045,stop,-1.945205342939334,1,b345b43e4ca143eb,,"{""reason"":""stop hit at 108.325"",""fraction"":1.0,""leg"":null,""remaining"":0.0,""r"":-1.6714477707665192}",108.33,15,short,0,74.17637662165122,0.0,1
b414996f7025470f,1789915620449,3,S01,SOLUSDT,afbfc7e801b54d3c,SELL,10.68,108.16391895383038,0.4620762617707634,2.4106706876438535,entry,0.0,1,b345b43e4ca143eb,,"{""reason"":""EMA5/13 cross short"",""leg"":null,""stop"":108.32470131612244,""size_mult"":1.0}",108.19,15,short,1,76.30589073540692,-0.2785455730915669,1
c641a84fab9d419e,1789915058446,3,S01,SOLUSDT,45535c42d45749ed,BUY,7.86,108.28128696468134,0.34043636621695816,2.8902507788767564,be,-0.032125031273517096,1,27fe238888fc4a18,,"{""reason"":""be hit at 108.212"",""fraction"":1.0,""leg"":null,""remaining"":0.0,""r"":-0.22224289133777356}",108.25,15,short,0,77.04651257026924,0.0,1
654e5b9954ba4275,1789914900266,3,S07,ETHUSDT,f8780b87314b408f,BUY,0.581,2580.9113576447808,0.599803799516647,1.0902672788447525,entry,0.0,1,1f7f970f5b24408c,,"{""reason"":""MACD(6,13,4) hist zero-cross long, accelerating"",""leg"":null,""stop"":2577.559903033779,""size_mult"":1.0}",2580.63,15,long,1,99.23672740886579,-0.16346879161756078,2
287112fece734e82,1789914900138,3,S20,SOLUSDT,0549b25069124120,SELL,11.32,108.16009472875844,0.4897489089318182,2.7641437509528886,entry,0.0,1,bd31273570464890,,"{""reason"":""ensemble net -3 of 3 counted votes -> short"",""leg"":null,""stop"":108.44786581559936,""size_mult"":1.0}",108.19,15,short,1,80.84647056271582,-0.33852767045446114,2
e2bbe3c2f81f4039,1789914842332,3,S09,SOLUSDT,e2f63668d39f49f9,SELL,14.06,108.07910168590688,0.6078368678815403,1.9332390465425269,stop,-3.117679341656777,1,b0538a746e3b4872,,"{""reason"":""stop hit at 108.113"",""fraction"":1.0,""leg"":null,""remaining"":0.0,""r"":-1.6418056580870302}",108.1,15,long,0,97.22394446559457,0.0,4
75c267ee675e41cf,1789914840326,3,S09,SOLUSDT,e2f63668d39f49f9,BUY,14.06,108.30084274861362,0.6090839396182031,1.0012696106383931,entry,0.0,1,b0538a746e3b4872,,"{""reason"":""ATR expansion x1.42 long break of 12-bar range"",""leg"":null,""stop"":108.11306593169135,""size_mult"":1.0}",108.29,15,long,1,100.7970116296255,-0.15244904550738794,4
466c73e9276c4027,1789914805137,3,S04,ETHUSDT,ea9a33b3064c4e09,BUY,0.511,2580.7238976735707,0.5274999646844779,1.4877794150019843,stop,-3.2070352135013893,1,8550c66958a843ea,,"{""reason"":""stop hit at 2580.3"",""fraction"":1.0,""leg"":null,""remaining"":0.0,""r"":-1.4260173516657184}",2580.34,15,short,0,83.59154937796184,0.0,1
398817775d034d64,1789914784023,3,S07,SOLUSDT,e6bc841c57a54f11,BUY,10.79,108.23368169713767,0.46713657020484617,1.2642484880492955,stop,-2.961588161417772,1,027daac2c1c64d89,,"{""reason"":""stop hit at 108.202"",""fraction"":1.0,""leg"":null,""remaining"":0.0,""r"":-1.4856929064504079}",108.22,15,short,0,73.84330500698378,0.0,1
d4fcbcb52f554cd7,1789914362207,3,S09,SOLUSDT,056b62e299dc4c1a,BUY,14.36,108.19163980598138,0.6214527790455571,1.0759665355313544,trail,-0.7561070013954452,1,b2ee703801704f16,,"{""reason"":""trail hit at 108.179"",""fraction"":1.0,""leg"":null,""remaining"":0.0,""r"":-0.8475868030630346}",108.18,15,short,0,101.55854461475109,0.0,4
a0bfd02dba884ca2,1789914000574,3,S04,ETHUSDT,ea9a33b3064c4e09,SELL,0.511,2574.447899212707,0.5262171505990774,1.0179817816106833,entry,0.0,1,8550c66958a843ea,,"{""reason"":""Donchian12 break short (tp1 2.0R, runner 4.0R)"",""leg"":null,""stop"":2580.295,""size_mult"":1.0}",2574.71,15,short,1,87.19215105384092,-0.13393350230677062,1
711b85a8dc19413c,1789914000482,3,S07,SOLUSDT,e6bc841c57a54f11,SELL,10.79,107.95920642731211,0.4659519349402791,1.9256874132150599,entry,0.0,1,027daac2c1c64d89,,"{""reason"":""MACD(6,13,4) hist zero-cross short, accelerating"",""leg"":null,""stop"":108.20215867101483,""size_mult"":1.0}",107.98,15,short,1,77.04766708930406,-0.22436264930236488,1
ce5c346994764bd6,1789914000466,3,S06,SOLUSDT,4436fb7479cc4d3e,SELL,7.3,107.96487738937968,0.31525744197698863,1.4005010761555345,entry,0.0,1,d7b2517ef68f4a98,,"{""reason"":""5m supertrend flip short, 15m agrees"",""leg"":null,""stop"":108.44786581559936,""size_mult"":1.0}",107.98,15,short,1,85.04864615188366,-0.11039505752836476,1
93d0dbc6a1254ec8,1789913962141,3,S07,BTCUSDT,557df3cb92cf47e2,SELL,0.015,80414.01751115354,0.4824841050669212,2.956630942972587,stop,-1.9682828528829122,1,eadf284d59124658,,"{""reason"":""stop hit at 80443.9"",""fraction"":1.0,""leg"":null,""remaining"":0.0,""r"":-1.9308893726277205}",80437.8,15,long,0,77.7379816735467,0.0,1
4cfaa81e22034e31,1789913897740,3,S03,SOLUSDT,ef6c31c9b3314257,SELL,6.84,107.97283340027617,0.2954136721831556,1.5896471639803396,stop,-4.11572737219178,1,5d737ed029f4411f,,"{""reason"":""stop hit at 107.995"",""fraction"":1.0,""leg"":null,""remaining"":0.0,""r"":-1.1877959523017247}",107.99,15,long,0,91.9566264787146,0.0,1
c531bf0351bf4328,1789913787282,3,S06,BTCUSDT,9ed2d823cc4b491a,SELL,0.0134,80490.22840965395,0.43142762427574516,2.9400625663441513,trail,-3.6072156929851773,1,28cc33a978bb4ca3,,"{""reason"":""trail hit at 80514"",""fraction"":1.0,""leg"":null,""remaining"":0.0,""r"":-1.160402765344773}",80513.9,15,long,0,85.474298651389,0.0,1
19ce41680b174250,1789913760255,3,S08,SOLUSDT,a38eb2282a0e43be,SELL,7.65,108.11064986767684,0.33081858859509117,1.7895248611073877,entry,0.0,1,9af882556b0c40ba,,"{""reason"":""ORB short break of 2026-09-20 14:00 range"",""leg"":null,""stop"":108.57,""size_mult"":1.0}",108.13,15,short,1,83.683870002547,-0.14802851227213126,1
52399983a89640f2,1789913700168,3,S09,SOLUSDT,056b62e299dc4c1a,SELL,14.36,108.1389861150764,0.6211503362449988,1.9428517865753774,entry,0.0,1,b2ee703801704f16,,"{""reason"":""ATR expansion x1.66 short break of 12-bar range"",""leg"":null,""stop"":108.30320049497284,""size_mult"":1.0}",108.16,15,short,1,102.63434500768935,-0.3017593875027575,4
119d7a7622a94504,1789913626394,3,S04,ETHUSDT,0409ed1b271b4e07,SELL,0.536,2578.9592592819745,0.5529288651900554,2.522632173179294,stop,-3.5352118489168536,1,0898753d87ad457e,,"{""reason"":""stop hit at 2579.84"",""fraction"":1.0,""leg"":null,""remaining"":0.0,""r"":-1.5169260554171378}",2579.61,15,long,0,87.85230170674677,0.0,1
bdf9b2089d5348ab,1789913580366,3,S01,SOLUSDT,45535c42d45749ed,SELL,7.86,108.2771998105753,0.3404235162044488,1.1820287584001288,entry,0.0,1,27fe238888fc4a18,,"{""reason"":""EMA5/13 cross short"",""leg"":null,""stop"":108.68535931691596,""size_mult"":1.0}",108.29,15,short,1,77.31846447888151,-0.10060948887821411,1
f5d17d1d0d95419c,1789913164951,3,S16,BTCUSDT,a8481942979e4eb3,SELL,0.0189,80717.79388575384,0.6102265217762991,1.8835066510806229,entry,0.0,1,9c27e12f657a4a9c,,"{""reason"":""funding +0.010% / basis +8 bps, RSI 74 -> short (basis)"",""leg"":null,""stop"":80852.08155202713,""size_mult"":1.0}",80733.0,15,short,1,101.23806925195645,-0.28739555925243765,1
a5ea5aae1a0e43bd,1789913101157,3,S03,SOLUSDT,ef6c31c9b3314257,BUY,6.84,108.57454792837439,0.2970599631320323,1.3400818325701287,entry,0.0,1,5d737ed029f4411f,,"{""reason"":""BB squeeze break long vol 4.1x"",""leg"":null,""stop"":107.99504310745307,""size_mult"":1.0}",108.56,15,long,1,96.26825969300876,-0.09950783008078588,1
7d9808e64e204e72,1789913100336,3,S04,ETHUSDT,0409ed1b271b4e07,BUY,0.536,2585.5548037762223,0.5543429499296222,2.726671861896426,entry,0.0,1,0898753d87ad457e,,"{""reason"":""Donchian12 break long (tp1 2.0R, runner 4.0R)"",""leg"":null,""stop"":2579.845,""size_mult"":1.0}",2584.85,15,long,1,91.56266759679846,-0.3777748240552246,1
09823109402349b9,1789913100292,3,S06,BTCUSDT,9ed2d823cc4b491a,BUY,0.0134,80759.423610623,0.43287051055293924,2.4428639966449026,entry,0.0,1,28cc33a978bb4ca3,,"{""reason"":""5m supertrend flip long, 15m agrees"",""leg"":null,""stop"":80471.85530094389,""size_mult"":1.0}",80739.7,15,long,1,89.24864558630178,-0.26429638234816666,1
577fd5f6795d4081,1789913028721,3,S08,SOLUSDT,444b5dbf60ff439a,BUY,12.32,108.5025118519623,0.5347003784064702,1.153272371858194,stop,-4.094904717246266,1,e13d0a78e410476e,,"{""reason"":""stop hit at 108.49"",""fraction"":1.0,""leg"":null,""remaining"":0.0,""r"":-1.310069431749171}",108.49,15,short,0,84.16271710341422,0.0,1
b6331f1bf17d44e5,1789913009140,3,S19,BTCUSDT,3694fef08be346b5,SELL,0.0186,80689.31843693982,0.6003285291708322,1.1253708946125958,tp,3.1906196392880166,1,9c0fb7cd75374ace,,"{""reason"":""take-profit"",""fraction"":1.0,""leg"":null,""remaining"":0.0,""r"":1.259780773939424}",80698.4,15,long,0,101.99123882880207,0.0,2
af69a1ef162544f6,1789913005664,3,S04,SOLUSDT,6d181578608b4216,BUY,8.87,108.47793989824972,0.38487973075898996,2.5762930612919783,stop,-4.370685648601252,1,d5f3014422804cb4,,"{""reason"":""stop hit at 108.45"",""fraction"":1.0,""leg"":null,""remaining"":0.0,""r"":-1.24639167772992}",108.45,15,short,0,92.4947853707833,0.0,1
b9d628f002ce4fdc,1789912956763,3,S06,SOLUSDT,a4bc23b496d74063,BUY,8.08,108.36718668775677,0.3502427473748299,1.586219451479898,trail,-3.0694245824330473,1,5dc197bc6b0d4ed6,,"{""reason"":""trail hit at 108.345"",""fraction"":1.0,""leg"":null,""remaining"":0.0,""r"":-0.9592911623420737}",108.35,15,short,0,89.94581247920287,0.0,1
26af1c8f44a44cb5,1789912944287,3,S20,SOLUSDT,dbcc2436a87c415c,BUY,11.94,108.35258625943415,0.5174919519750575,2.084949638526096,stop,-3.3940727288497787,1,ebc2316602e14bad,,"{""reason"":""stop hit at 108.323"",""fraction"":1.0,""leg"":null,""remaining"":0.0,""r"":-1.4581478218841313}",108.33,15,short,0,81.6747471421021,0.0,2
50665c7f997243ec,1789912200411,3,S07,BTCUSDT,557df3cb92cf47e2,BUY,0.015,80545.2363680124,0.4832714182080744,1.9665324729108606,entry,0.0,1,eadf284d59124658,,"{""reason"":""MACD(6,13,4) hist zero-cross long, accelerating"",""leg"":null,""stop"":80443.93457352153,""size_mult"":1.0}",80529.4,15,long,1,79.95120311131049,-0.23754552018603134,1
292db65cb1c74998,1789911911378,3,S01,SOLUSDT,89435f4f09ae410e,BUY,10.86,108.15713270401771,0.4698345844662529,2.5092669950732454,be,0.33830804544777177,1,057c369c2cac422c,,"{""reason"":""be hit at 108.123"",""fraction"":1.0,""leg"":null,""remaining"":0.0,""r"":-0.28995960648222574}",108.13,15,short,0,77.75949748396418,0.0,1
022d87c69c9b4512,1789911901097,3,S18,ETHUSDT,e11c6bfe55cd4c34,SELL,0.353,2577.400352626112,0.36392892979080704,2.6750321900624514,entry,0.0,1,12bff048d8024b04,,"{""reason"":""RS leader z=-1.12, BTC trend down -> short"",""leg"":null,""stop"":2588.9707558132154,""size_mult"":1.0}",2578.09,15,short,1,95.50174431720822,-0.24344552298245162,1
4d584d5baf024445,1789911900607,3,S20,SOLUSDT,dbcc2436a87c415c,SELL,11.94,108.06832556187554,0.5161343228835176,2.930105284407884,entry,0.0,1,ebc2316602e14bad,,"{""reason"":""ensemble net -4 of 4 counted votes -> short"",""leg"":null,""stop"":108.32264069832581,""size_mult"":1.0}",108.1,15,short,1,85.20811903172095,-0.37819279120598903,2
914b45987af4457b,1789911900423,3,S19,BTCUSDT,3694fef08be346b5,BUY,0.0186,80517.77974665552,0.599052281315117,2.45717243354166,entry,0.0,1,9c0fb7cd75374ace,,"{""reason"":""vol burst 2.0x ATR on 8.3x vol -> long"",""leg"":null,""stop"":80432.8,""size_mult"":1.0}",80498.0,15,long,1,99.03304443089222,-0.3679032877926773,2
fdf846ff3a7d416d,1789911860564,3,S20,SOLUSDT,3cb59b0c67164c81,BUY,12.03,108.127645569553,0.520310230480689,2.5574069891773132,be,0.35045123765318775,1,7301bf74375c465c,,"{""reason"":""be hit at 108.092"",""fraction"":1.0,""leg"":null,""remaining"":0.0,""r"":-0.345960762544826}",108.1,15,short,0,86.10244614581046,0.0,2
d4973318e3ff408b,1789911300330,3,S06,SOLUSDT,a4bc23b496d74063,SELL,8.08,107.98730740775268,0.3490149775418567,2.1009714144362404,entry,0.0,1,5dc197bc6b0d4ed6,,"{""reason"":""5m supertrend flip short, 15m agrees"",""leg"":null,""stop"":108.47352170425839,""size_mult"":1.0}",108.01,15,short,1,93.18212366365239,-0.18335614535837977,1
116ddba425354686,1789911300328,3,S04,SOLUSDT,6d181578608b4216,SELL,8.87,107.98519067067348,0.3831314564995495,2.2969474425077947,entry,0.0,1,d5f3014422804cb4,,"{""reason"":""Donchian12 break short (tp1 2.0R, runner 4.0R)"",""leg"":null,""stop"":108.45,""size_mult"":1.0}",108.01,15,short,1,97.03029199901724,-0.22005875112632023,1
0f97c5400f974a84,1789911248092,3,S07,SOLUSDT,158121ec4a6742f9,SELL,11.66,108.00032038350248,0.5037134942686556,2.747349486024146,stop,-3.977234731839172,1,85d76f9547eb4e3f,,"{""reason"":""stop hit at 108.036"",""fraction"":1.0,""leg"":null,""remaining"":0.0,""r"":-1.4015002640476035}",108.03,15,long,0,80.6720200497046,0.0,1
c38251ce0ae6467f,1789911223618,3,S19,BTCUSDT,916d421f47b841f5,SELL,0.0142,80439.38381292686,0.4568957000574245,1.8291407241081847,stop,-1.7018486123849,1,ae1e04b1aa3548e5,,"{""reason"":""stop hit at 80454.1"",""fraction"":1.0,""leg"":null,""remaining"":0.0,""r"":-1.7525339827657498}",80454.1,15,long,0,74.11100300726721,0.0,1
227be7762b684003,1789911000275,3,S20,SOLUSDT,3cb59b0c67164c81,SELL,12.03,108.15677701075442,0.5204504109757503,1.2224266659499863,entry,0.0,1,7301bf74375c465c,,"{""reason"":""ensemble net -3 of 3 counted votes -> short"",""leg"":null,""stop"":108.32264069832581,""size_mult"":1.0}",108.17,15,short,1,86.11323257801367,-0.15907256062428957,2
351fbe92b0074dc8,1789910880347,3,S01,SOLUSDT,89435f4f09ae410e,SELL,10.86,108.18828445774218,0.46996990768443203,2.006796253378403,entry,0.0,1,057c369c2cac422c,,"{""reason"":""EMA5/13 cross short"",""leg"":null,""stop"":108.37929869524987,""size_mult"":1.0}",108.21,15,short,1,77.65519323406285,-0.23583078891980364,1
45a6352685914e5c,1789910820423,3,S19,BTCUSDT,916d421f47b841f5,BUY,0.0142,80559.23230675678,0.45757643950237853,2.5742106888961125,entry,0.0,1,ae1e04b1aa3548e5,,"{""reason"":""vol burst 4.5x ATR on 24.7x vol -> long"",""leg"":null,""stop"":80454.1,""size_mult"":1.0}",80538.5,15,long,1,75.97534856376329,-0.2943987559462432,1
b0ccaca1a8d54ce9,1789910780628,3,S19,BTCUSDT,6d5601ca24df4b26,BUY,0.0147,80537.33315647564,0.47355951896007675,1.5191730871044242,stop,-1.361481833147403,1,c081e827075c4fb1,,"{""reason"":""stop hit at 80525.1"",""fraction"":1.0,""leg"":null,""remaining"":0.0,""r"":-1.953241331783655}",80525.1,15,short,0,76.72732375921191,0.0,1
d0da70066edc4e32,1789910663399,3,S01,SOLUSDT,b5b1ffa0c3d342ec,BUY,10.91,108.24293797077242,0.47237218130445086,1.1954144666381235,be,0.5144046472238428,1,44d98470fb0c4ba5,,"{""reason"":""be hit at 108.225"",""fraction"":1.0,""leg"":null,""remaining"":0.0,""r"":-0.2443568054953929}",108.23,15,short,0,78.36099393066709,0.0,1
3d8212a071264ac5,1789910340214,3,S19,BTCUSDT,6d5601ca24df4b26,SELL,0.0147,80444.7153446969,0.47301492622681784,1.651129198227112,entry,0.0,1,c081e827075c4fb1,,"{""reason"":""vol burst 7.6x ATR on 3.2x vol -> short"",""leg"":null,""stop"":80525.1,""size_mult"":1.0}",80458.0,15,short,1,78.36708067836386,-0.19528443295553588,1
62cad05841fa40d8,1789910280363,3,S08,SOLUSDT,444b5dbf60ff439a,SELL,12.32,108.17013322231568,0.5330624165195718,2.7603306547432775,entry,0.0,1,e13d0a78e410476e,,"{""reason"":""ORB short break of 2026-09-20 13:00 range"",""leg"":null,""stop"":108.49,""size_mult"":1.0}",108.2,15,short,1,88.42436349799615,-0.36795870107080875,1
ef53ddfd13db45e5,1789909984932,3,S09,BTCUSDT,5402a0fe6e4a4e4f,SELL,0.0186,80791.91765315122,0.6010918673394451,1.000290451582063,trail,4.757535451935205,1,baefd543574c4f9f,,"{""reason"":""trail hit at 80813.6"",""fraction"":1.0,""leg"":null,""remaining"":0.0,""r"":1.373951970454396}",80800.0,15,long,0,103.5572547314371,0.0,4
442f7fe158ed433c,1789909980273,3,S09,BTCUSDT,5402a0fe6e4a4e4f,BUY,0.0186,80536.13617724073,0.599188853158671,1.1842269809873323,entry,0.0,1,baefd543574c4f9f,,"{""reason"":""ATR expansion x3.91 long break of 12-bar range"",""leg"":null,""stop"":80396.9389865885,""size_mult"":1.0}",80526.6,15,long,1,99.22343825016395,-0.17737289667738368,4
e6420e707c2547f1,1789909953555,3,S04,BTCUSDT,d12e4c5cea1140d0,BUY,0.0039,80828.74659706077,0.1260928446914148,2.356969158502071,stop,-2.1465055250313596,1,1b55288835bf49b0,,"{""reason"":""stop hit at 80804.4"",""fraction"":1.0,""leg"":null,""remaining"":0.0,""r"":-1.1686774795731196}",80809.7,15,short,0,97.63348220664311,0.0,1
a28377584abf463f,1789909920529,3,S01,SOLUSDT,b5b1ffa0c3d342ec,SELL,10.91,108.29008780094875,0.4725779431633404,1.8384451159855215,entry,0.0,1,44d98470fb0c4ba5,,"{""reason"":""EMA5/13 cross short"",""leg"":null,""stop"":108.45158680259246,""size_mult"":1.0}",108.31,15,short,1,78.10171937309859,-0.21724209164911656,1
660f407197b848f9,1789909596297,3,S06,BTCUSDT,fd5720c6934e4087,SELL,0.0176,80429.01509650925,0.5662202662794251,1.7633440105252118,be,0.4636476461815881,1,207c36e750704f11,,"{""reason"":""be hit at 80450.9"",""fraction"":1.0,""leg"":null,""remaining"":0.0,""r"":-0.2989810580715925}",80443.2,15,long,0,93.71449478655262,0.0,1
2030cfe4ec444e8f,1789909498622,3,S01,SOLUSDT,64ef39bfccb64f48,BUY,11.35,108.41287198351971,0.4921944388051795,1.1874523542166968,stop,-2.166890712556884,1,4271a4b073a94acd,,"{""reason"":""stop hit at 108.386"",""fraction"":1.0,""leg"":null,""remaining"":0.0,""r"":-1.696317966950312}",108.4,15,short,0,78.79153940791103,0.0,1
ca2ed8ce99a7434f,1789909443802,3,S20,ETHUSDT,11ff393016ef41e9,BUY,0.523,2581.0234100194098,0.5399500973760606,1.6019856522664035,stop,-2.062595302675589,1,849c118a4d484c2b,,"{""reason"":""stop hit at 2580.55"",""fraction"":1.0,""leg"":null,""remaining"":0.0,""r"":-1.7292988837864813}",2580.61,15,short,0,86.79275554961372,0.0,2
1f68450c98b24f0c,1789909381183,3,S15,SOLUSDT,2a9ee56e659c4b58,SELL,10.85,108.27560566049932,0.46991612856656706,2.2524782549094713,time,1.5103606880520701,1,3f5c0e95e0734394,,"{""reason"":""max hold reached"",""fraction"":1.0,""leg"":null,""remaining"":0.0,""r"":0.13004112945299484}",108.3,15,long,0,105.93053404356027,0.0,1
0752aa5c9bcf4ec6,1789909200260,3,S07,SOLUSDT,158121ec4a6742f9,BUY,11.66,108.34142113237377,0.5053043881613912,1.0542908126813744,entry,0.0,1,85d76f9547eb4e3f,,"{""reason"":""MACD(6,13,4) hist zero-cross long, accelerating"",""leg"":null,""stop"":108.036292794943,""size_mult"":1.0}",108.33,15,long,1,85.01979787233428,-0.13317040347814868,1
2b8570364aec4b6f,1789909140830,3,S01,SOLUSDT,64ef39bfccb64f48,SELL,11.35,108.22195650223716,0.4913276825201567,1.6669898154877607,entry,0.0,1,4271a4b073a94acd,,"{""reason"":""EMA5/13 cross short"",""leg"":null,""stop"":108.38558703500566,""size_mult"":1.0}",108.24,15,short,1,81.24583085966495,-0.20479369960814678,1
0b6ac23dc7a640b2,1789908928565,3,S07,ETHUSDT,f02f8865d73b409e,BUY,0.517,2579.109140408833,0.5333597702365467,2.866696435473144,stop,-2.098406643203552,1,2eb9177f39484429,,"{""reason"":""stop hit at 2578.35"",""fraction"":1.0,""leg"":null,""remaining"":0.0,""r"":-1.8561962061832327}",2578.37,15,short,0,85.65827266397382,0.0,1
fea8229076fb49c0,1789908900605,3,S06,BTCUSDT,fd5720c6934e4087,BUY,0.0176,80402.67148024893,0.5660348072209525,1.2030251699679544,entry,0.0,1,207c36e750704f11,,"{""reason"":""5m supertrend flip long, 15m agrees"",""leg"":null,""stop"":80275.60972384398,""size_mult"":1.0}",80393.0,15,long,1,93.64684935426928,-0.17021805238116067,1
4817cbe8fcfd4f92,1789908900144,3,S20,ETHUSDT,11ff393016ef41e9,SELL,0.523,2577.079633150049,0.5391250592549903,1.3981580558636924,entry,0.0,1,849c118a4d484c2b,,"{""reason"":""ensemble net -3 of 3 counted votes -> short"",""leg"":null,""stop"":2580.5533057135076,""size_mult"":1.0}",2577.44,15,short,1,89.20682908714106,-0.18847186252430947,2
262af1e76f344842,1789908601647,3,S05,SOLUSDT,69a40cb180a44080,BUY,13.87,108.31901698637284,0.6009539062403965,1.7559544203924073,stop,-3.0441921556740894,1,6bd42308ecd94675,,"{""reason"":""stop hit at 108.296"",""fraction"":1.0,""leg"":null,""remaining"":0.0,""r"":-1.55535626041343}",108.3,15,short,0,95.75511770870737,0.0,3
812a3e77105947cd,1789908441304,3,S20,ETHUSDT,44affc49483a4b81,BUY,0.544,2575.1688389297165,0.5603567393511064,1.0440752251206924,vote_flip,-2.3076211164649285,1,e236b426c0ab4371,,"{""reason"":""vote_flip"",""fraction"":1.0,""leg"":null,""remaining"":0.0,""r"":-1.2217540689698636}",2574.9,15,short,0,89.93442600892035,0.0,2
53f8ed606ccf494f,1789908440873,3,S18,SOLUSDT,8ec38305b01c4905,BUY,4.8,108.22840765747839,0.2077985427023585,1.7011050252635982,rotate,-1.1753103152875155,1,9c27b6076b84429c,,"{""reason"":""rotate"",""fraction"":1.0,""leg"":null,""remaining"":0.0,""r"":-0.3996216120213876}",108.21,15,short,0,96.10911876998149,0.0,1
4939c99e7740445a,1789908440843,3,S01,ETHUSDT,41aa7773846445ff,BUY,0.478,2575.352443762182,0.49240738724732913,1.6342553869021674,restart_gap,0.7390545135790553,1,56a4a60b628e4d26,,"{""reason"":""restart gap: level breached while offline (estimated)"",""fraction"":1.0,""leg"":null,""remaining"":0.0}",2575.352443762182,15,short,0,0.0,0.0,1
1051821354a64d89,1789907708190,3,S17,SOLUSDT,65c22a347e6e42b1,SELL,10.57,108.16891252268739,0.4573381621459224,2.873149474362708,time,-0.6657444396133919,1,790c103b2157480d,,"{""reason"":""max hold reached"",""fraction"":1.0,""leg"":null,""remaining"":0.0,""r"":-1.1889528713326907}",108.2,15,long,0,74.70772738036568,0.0,9
27d7aaf0c0974a2c,1789907700911,3,S20,ETHUSDT,44affc49483a4b81,SELL,0.544,2570.9268883479795,0.5594336909045203,2.1509467389235604,entry,0.0,1,e236b426c0ab4371,,"{""reason"":""ensemble net -3 of 3 counted votes -> short"",""leg"":null,""stop"":2576.083727218146,""size_mult"":1.0}",2571.48,15,short,1,92.50151112603719,-0.3008927386991854,2
be64f226e50d4b96,1789907663035,3,S17,SOLUSDT,65c22a347e6e42b1,BUY,10.57,108.23189685945309,0.4576044599217677,2.0235523013678165,entry,0.0,1,790c103b2157480d,,"{""reason"":""book imbalance 2.95 bid/ask, spread 1.0 ticks -> long"",""leg"":null,""stop"":108.1061184,""size_mult"":1.0}",108.21,15,long,1,75.5993601777058,-0.23144980441919827,9
6f11d8010c6d40cd,1789907659985,3,S17,BTCUSDT,5e9f80a9798e496b,SELL,0.0145,80285.86686156274,0.46565802779706394,2.756031583062807,time,-0.4634062141840696,1,4ab82741466343b5,,"{""reason"":""max hold reached"",""fraction"":1.0,""leg"":null,""remaining"":0.0,""r"":-1.10675064111251}",80308.0,15,long,0,76.28841444204677,0.0,9
d715dee7ac154ea8,1789907614845,3,S17,BTCUSDT,5e9f80a9798e496b,BUY,0.0145,80317.82591081681,0.4658433902827375,1.2235282682686095,entry,0.0,1,4ab82741466343b5,,"{""reason"":""book imbalance 5.04 bid/ask, spread 1.0 ticks -> long"",""leg"":null,""stop"":80230.90432,""size_mult"":1.0}",80308.0,15,long,1,77.0750029771841,-0.14247570684379027,9
3715ca40e4264861,1789907580885,3,S15,SOLUSDT,2a9ee56e659c4b58,BUY,10.85,108.13640191044844,0.46931198429134624,1.5170098453977994,entry,0.0,1,3f5c0e95e0734394,,"{""reason"":""fade down cascade 0.63% on 8.1x vol"",""leg"":null,""stop"":107.731615,""size_mult"":1.0}",108.12,15,long,1,104.71212875570923,-0.17796072836553875,1
c8a502d458ea4054,1789907580868,3,S09,SOLUSDT,12afd0cfd320463b,BUY,7.75,108.14853969994836,0.3352604730698399,2.639631885715411,halt,-0.3616973466661655,1,fc3f9535c5b546ee,,"{""reason"":""strategy halt -25%"",""fraction"":1.0,""leg"":null,""remaining"":0.0,""r"":-0.32800202578513904}",108.12,15,short,0,74.15569373758814,0.0,3
61be3c98fa544c26,1789907580867,3,S09,SOLUSDT,12afd0cfd320463b,SELL,7.75,108.10186907457208,0.33511579413117343,1.6769261402070594,entry,0.0,1,fc3f9535c5b546ee,,"{""reason"":""ATR expansion x1.66 short break of 12-bar range"",""leg"":null,""stop"":108.50787506970981,""size_mult"":1.0}",108.12,15,short,1,74.7121368852577,-0.14051467206642343,3
36b16a80b6ec4e95,1789907580866,3,S05,SOLUSDT,69a40cb180a44080,SELL,13.87,108.09953665791761,0.5997362293781269,1.8926509510161076,entry,0.0,1,6bd42308ecd94675,,"{""reason"":""VWAP reclaim short vol 6120>13"",""leg"":null,""stop"":108.2963068498681,""size_mult"":1.0}",108.12,15,short,1,99.11643721593907,-0.2838265546828029,3
c868c3a368494348,1789907548425,3,S17,BTCUSDT,00f84a6a94724c9b,SELL,0.0147,80289.68505566458,0.47210334812730775,1.7825941840274837,time,-0.4094505743724192,1,2b0788f371b8433b,,"{""reason"":""max hold reached"",""fraction"":1.0,""leg"":null,""remaining"":0.0,""r"":-1.0569540228671188}",80304.0,15,long,0,77.68332207431064,0.0,9
ff2410fd62e34b4b,1789907534285,3,S09,SOLUSDT,0a73ddf54a2a49b3,BUY,9.15,108.80694364771341,0.3982334137506311,2.476893520262809,stop,-6.482912913841862,1,5ed34c68eed54948,,"{""reason"":""stop hit at 108.49"",""fraction"":1.0,""leg"":null,""remaining"":0.0,""r"":-2.030091208587807}",108.78,15,short,0,75.1877673514553,0.0,3
e85c3a6994eb4462,1789907520852,3,S09,SOLUSDT,0a73ddf54a2a49b3,SELL,9.15,108.09842857516239,0.39564024858509433,2.9197655449569755,entry,0.0,1,5ed34c68eed54948,,"{""reason"":""ATR expansion x1.56 short break of 12-bar range"",""leg"":null,""stop"":108.49017315199517,""size_mult"":1.0}",108.13,15,short,1,81.78003514178369,-0.2888785372641152,3
f99cfb31cf7345d3,1789907503282,3,S17,BTCUSDT,00f84a6a94724c9b,BUY,0.0147,80317.53883623413,0.4722671283570567,1.2500496509213077,entry,0.0,1,2b0788f371b8433b,,"{""reason"":""book imbalance 12.83 bid/ask, spread 1.0 ticks -> long"",""leg"":null,""stop"":80230.4048,""size_mult"":1.0}",80307.5,15,long,1,78.4173051041686,-0.14757089264175155,9
20f588e4f7554fde,1789907488039,3,S17,BTCUSDT,53011ece670b45ca,SELL,0.0151,80300.91122131016,0.48501750377671343,1.0072069991962083,time,-1.3571674506574667,1,b561c7f3920440a4,,"{""reason"":""max hold reached"",""fraction"":1.0,""leg"":null,""remaining"":0.0,""r"":-1.5722920646735603}",80309.0,15,long,0,79.03714312516742,0.0,9
5487c1cffcf7408f,1789907442982,3,S17,BTCUSDT,53011ece670b45ca,BUY,0.0151,80390.78986042655,0.48556037075697644,2.5992144355713265,entry,0.0,1,b561c7f3920440a4,,"{""reason"":""book imbalance 2.44 bid/ask, spread 1.0 ticks -> long"",""leg"":null,""stop"":80292.74489599999,""size_mult"":1.0}",80369.9,15,long,1,80.5638911871606,-0.31543689244099515,9
1b6f886769ce470c,1789907345555,3,S09,SOLUSDT,17282a2b68764b9c,BUY,10.88,108.71090176053619,0.4731098444618535,1.0029218524547328,stop,-5.31001740562514,1,2ce4fcd7f9554ed2,,"{""reason"":""stop hit at 108.566"",""fraction"":1.0,""leg"":null,""remaining"":0.0,""r"":-1.6752932910028482}",108.7,15,short,0,82.46455392763289,0.0,3
e5b90ee742174702,1789907345546,3,S05,SOLUSDT,4071d2d9c2134601,BUY,11.07,108.71759350066259,0.48140150402093396,1.6185373194648904,stop,-5.582457329735354,1,5282a6e137d54524,,"{""reason"":""stop hit at 108.388"",""fraction"":1.0,""leg"":null,""remaining"":0.0,""r"":-3.380165255294923}",108.7,15,short,0,73.35725944911017,0.0,2
88d10563f82b4e9c,1789907340541,3,S09,SOLUSDT,17282a2b68764b9c,SELL,10.88,108.22284869016623,0.4709858374996035,1.584562992772192,entry,0.0,1,2ce4fcd7f9554ed2,,"{""reason"":""ATR expansion x1.45 short break of 12-bar range"",""leg"":null,""stop"":108.5659686522871,""size_mult"":1.0}",108.24,15,short,1,88.06107492672854,-0.1866062509913536,3
62a611c741424552,1789907340540,3,S05,SOLUSDT,4071d2d9c2134601,SELL,11.07,108.21330647900628,0.4791685210890398,2.4661419986805964,entry,0.0,1,5282a6e137d54524,,"{""reason"":""VWAP reclaim short vol 269>20"",""leg"":null,""stop"":108.38816756922141,""size_mult"":1.0}",108.24,15,short,1,79.12562100546602,-0.2954972774004511,2
e4d25367043a44cf,1789907203797,3,S05,SOLUSDT,76b31ab8db3b44cc,BUY,11.51,108.4558972452218,0.4993309509170012,2.3883837703398108,stop,-2.2062049645606607,1,8b71b56d0f1149c5,,"{""reason"":""stop hit at 108.414"",""fraction"":1.0,""leg"":null,""remaining"":0.0,""r"":-1.8617260321633475}",108.43,15,short,0,79.90028680395551,0.0,2
9432a0414014419f,1789907160142,3,S05,SOLUSDT,76b31ab8db3b44cc,SELL,11.51,108.26422001111575,0.49844846893117695,2.3806435390397955,entry,0.0,1,8b71b56d0f1149c5,,"{""reason"":""VWAP reclaim short vol 551>106"",""leg"":null,""stop"":108.4137400136293,""size_mult"":1.0}",108.29,15,short,1,82.30909504737544,-0.2967276720577486,2
353b6e81cd754fbb,1789907107630,3,S05,SOLUSDT,64c8645f025848a5,BUY,12.26,108.71312193938071,0.533129149990723,1.2071701362202505,stop,-4.464269982274467,1,32169569f0b64658,,"{""reason"":""stop hit at 108.474"",""fraction"":1.0,""leg"":null,""remaining"":0.0,""r"":-3.595485627669176}",108.7,15,short,0,83.10427118836435,0.0,2
13ecc5242b124468,1789907100443,3,S05,SOLUSDT,64c8645f025848a5,SELL,12.26,108.34898898813483,0.5313434419978132,1.016150965778033,entry,0.0,1,32169569f0b64658,,"{""reason"":""VWAP reclaim short vol 106>45"",""leg"":null,""stop"":108.47441232237,""size_mult"":1.0}",108.36,15,short,1,87.96667531516263,-0.13499500546691962,2
e7346afb0e83480f,1789907057616,3,S17,BTCUSDT,9ba8d1c288c14b14,SELL,0.0154,80367.57392502551,0.49506425537815724,1.869319352011189,time,-0.5802736240036611,1,3faf0c4b1dd247d4,,"{""reason"":""max hold reached"",""fraction"":1.0,""leg"":null,""remaining"":0.0,""r"":-1.0217179057134933}",80382.6,15,long,0,81.36488845035858,0.0,9
e9167dad1d24481a,1789907012484,3,S17,BTCUSDT,9ba8d1c288c14b14,BUY,0.0154,80405.2540304803,0.4952963648277587,2.818275407899578,entry,0.0,1,3faf0c4b1dd247d4,,"{""reason"":""book imbalance 2.45 bid/ask, spread 2.0 ticks -> long"",""leg"":null,""stop"":80305.432704,""size_mult"":1.0}",80382.6,15,long,1,82.09135426034392,-0.34887206939648313,9
535ae58c7c5c4291,1789907012381,3,S17,BTCUSDT,70fd100cc3134c18,SELL,0.0157,80361.1234862458,0.5046678554936236,2.6717864008156216,time,-0.6618754643265637,1,85d1bc52000b41d5,,"{""reason"":""max hold reached"",""fraction"":1.0,""leg"":null,""remaining"":0.0,""r"":-1.0781370312312504}",80382.6,15,long,0,82.93552269456816,0.0,9
163e6d299be94a43,1789906983394,3,S05,SOLUSDT,1769100f77ba4850,BUY,13.17,108.72857042829364,0.5727821090162509,2.62837426804285,stop,-5.3601183685894105,1,37ce5d28b65e4f1a,,"{""reason"":""stop hit at 108.448"",""fraction"":1.0,""leg"":null,""remaining"":0.0,""r"":-3.9064149434778166}",108.7,15,short,0,88.63301376262736,0.0,2
43b8431d1d8a4ee3,1789906980333,3,S05,SOLUSDT,1769100f77ba4850,SELL,13.17,108.32157586727698,0.5706380616688151,2.6233625032782943,entry,0.0,1,37ce5d28b65e4f1a,,"{""reason"":""VWAP reclaim short vol 606>77"",""leg"":null,""stop"":108.44798707209775,""size_mult"":1.0}",108.35,15,short,1,94.19156841227088,-0.374345827962143,2
845d7e2a11574e1e,1789906967279,3,S17,BTCUSDT,70fd100cc3134c18,BUY,0.0157,80403.28115913284,0.5049326056793542,2.684834873216829,entry,0.0,1,85d1bc52000b41d5,,"{""reason"":""book imbalance 2.89 bid/ask, spread 2.0 ticks -> long"",""leg"":null,""stop"":80304.533568,""size_mult"":1.0}",80381.7,15,long,1,83.76324181600278,-0.3388241983855623,9
9a9910e184594913,1789906967166,3,S17,BTCUSDT,b9aa9852a63c49c2,SELL,0.016,80368.15374743025,0.5143561839835535,1.6852408657375537,time,-0.6000864680800587,1,a04c427200db4a33,,"{""reason"":""max hold reached"",""fraction"":1.0,""leg"":null,""remaining"":0.0,""r"":-1.0068167293011117}",80381.7,15,long,0,84.6069986200677,0.0,9
f786beebf6f44875,1789906921789,3,S17,BTCUSDT,b9aa9852a63c49c2,BUY,0.016,80405.65915168525,0.5145962185707856,2.9806724273379497,entry,0.0,1,a04c427200db4a33,,"{""reason"":""book imbalance 9.69 bid/ask, spread 2.0 ticks -> long"",""leg"":null,""stop"":80304.533568,""size_mult"":1.0}",80381.7,15,long,1,85.33809484516728,-0.383346426964039,9
f17eb9d79c594274,1789906910191,3,S17,ETHUSDT,c04d4eccd62f4d18,SELL,0.512,2574.401268744152,0.5272373798388023,2.363995696515823,time,-0.6825494659957476,1,a279e0432e864d16,,"{""reason"":""max hold reached"",""fraction"":1.0,""leg"":null,""remaining"":0.0,""r"":-1.213243349079708}",2575.01,15,long,0,86.2360374907021,0.0,9
b212ea5596ee4733,1789906864843,3,S17,ETHUSDT,c04d4eccd62f4d18,BUY,0.512,2575.7343731699248,0.5275103996252006,1.2595010888560494,entry,0.0,1,a279e0432e864d16,,"{""reason"":""book imbalance 3.91 bid/ask, spread 1.0 ticks -> long"",""leg"":null,""stop"":2572.9376064,""size_mult"":1.0}",2575.41,15,long,1,87.27974527353508,-0.16607906300155445,9
3310be00bbbf4482,1789906863568,3,S17,SOLUSDT,64c4d63b1547403c,BUY,11.97,108.57301398992404,0.5198475909837563,2.1201280445912705,time,2.2027411984755267,1,b8816fdcd45f4ce6,,"{""reason"":""max hold reached"",""fraction"":1.0,""leg"":null,""remaining"":0.0,""r"":0.8271170394096277}",108.55,15,short,0,87.97333473616185,0.0,9
e922cf8e7dfb4f4a,1789906818552,3,S17,SOLUSDT,64c4d63b1547403c,SELL,11.97,108.7570358110164,0.5207286874631466,1.1918901336409156,entry,0.0,1,b8816fdcd45f4ce6,,"{""reason"":""book imbalance 0.38 bid/ask, spread 1.0 ticks -> short"",""leg"":null,""stop"":108.87441919999999,""size_mult"":1.0}",108.77,15,short,1,86.13525978653635,-0.1551813421337195,9
c4bfcdb7b207464f,1789906800211,3,S07,ETHUSDT,f02f8865d73b409e,SELL,0.517,2575.050326785615,0.5325204075792652,1.9788830948784102,entry,0.0,1,2eb9177f39484429,,"{""reason"":""MACD(6,13,4) hist zero-cross short, accelerating"",""leg"":null,""stop"":2578.3476492290656,""size_mult"":1.0}",2575.56,15,short,1,88.026538025577,-0.26350105183691447,1
bd80ed37158e450e,1789906792186,3,S17,ETHUSDT,2d8cadcb82d541cb,SELL,0.516,2575.0230779735066,0.5314847632937318,2.8609887042798787,time,-0.8603287280630393,1,5f340ab0009044ef,,"{""reason"":""max hold reached"",""fraction"":1.0,""leg"":null,""remaining"":0.0,""r"":-1.2330142474161205}",2575.76,15,long,0,86.81116981613322,0.0,9
ebdc0226395f42ae,1789906746656,3,S17,ETHUSDT,2d8cadcb82d541cb,BUY,0.516,2576.690381710063,0.531828894784957,2.1364588495304053,entry,0.0,1,5f340ab0009044ef,,"{""reason"":""book imbalance 7.51 bid/ask, spread 1.0 ticks -> long"",""leg"":null,""stop"":2573.6669056,""size_mult"":1.0}",2576.14,15,long,1,87.9189863450975,-0.28399696239250444,9
be3a9eed2d15408e,1789906720071,3,S06,ETHUSDT,8b9aff29aba1447e,SELL,0.552,2576.359828012087,0.5688602500250689,1.087354026612526,be,0.6878122556178715,1,8d7e9de7e8154a67,,"{""reason"":""be hit at 2576.66"",""fraction"":1.0,""leg"":null,""remaining"":0.0,""r"":-0.16062126949339642}",2576.64,15,long,0,94.3831022138714,0.0,1
6ad314ec181d486e,1789906711184,3,S17,ETHUSDT,874deaec99884565,SELL,0.527,2576.5611626951795,0.5431390930961438,2.2460452471348162,time,-0.8531315141818269,1,5cff78511c07442f,,"{""reason"":""max hold reached"",""fraction"":1.0,""leg"":null,""remaining"":0.0,""r"":-1.1631726780022185}",2577.14,15,long,0,88.73481220227495,0.0,9
defc473a758d4f52,1789906680175,3,S01,ETHUSDT,41aa7773846445ff,SELL,0.478,2576.8985829119288,0.49270300905276077,1.5963042399685154,entry,0.0,1,56a4a60b628e4d26,,"{""reason"":""EMA5/13 cross short"",""leg"":null,""stop"":2581.7392259229373,""size_mult"":1.0}",2577.31,15,short,1,81.49864774736352,-0.19665736809802184,1
07d32aeeea4d4d72,1789906666065,3,S17,ETHUSDT,874deaec99884565,BUY,0.527,2578.1800080731336,0.5434803457018167,2.677054316927723,entry,0.0,1,5cff78511c07442f,,"{""reason"":""book imbalance 9.99 bid/ask, spread 1.0 ticks -> long"",""leg"":null,""stop"":2575.0156095999996,""size_mult"":1.0}",2577.49,15,long,1,89.76744855501137,-0.36363425454154824,9
abc27489b5574fc2,1789906594470,3,S17,BTCUSDT,0229d43d295243f8,SELL,0.0171,80442.12325959068,0.5502241230956002,1.699907329157777,time,-0.3887801280472442,1,20660bc30ccc4061,,"{""reason"":""max hold reached"",""fraction"":1.0,""leg"":null,""remaining"":0.0,""r"":-1.003484552201192}",80455.8,15,long,0,90.67456315525475,0.0,9
250932f114fd4ead,1789906549365,3,S17,BTCUSDT,0229d43d295243f8,BUY,0.0171,80464.85893959344,0.5503796351468192,1.188105642940073,entry,0.0,1,20660bc30ccc4061,,"{""reason"":""book imbalance 3.09 bid/ask, spread 1.0 ticks -> long"",""leg"":null,""stop"":80378.06291200001,""size_mult"":1.0}",80455.3,15,long,1,91.45010953934982,-0.16345786704776694,9
3f824bed870a4ba6,1789906538450,3,S17,BTCUSDT,ca9145cf5d634325,SELL,0.0175,80426.78031328169,0.5629874621929719,1.5066947357943534,time,-0.6439072672327166,1,93d2be42f9d2417c,,"{""reason"":""max hold reached"",""fraction"":1.0,""leg"":null,""remaining"":0.0,""r"":-1.1126858664298718}",80438.9,15,long,0,92.1639470415444,0.0,9
77a4cfbdbf2c4548,1789906493293,3,S17,BTCUSDT,ca9145cf5d634325,BUY,0.0175,80463.57501426642,0.563245025099865,1.6998174350039905,entry,0.0,1,93d2be42f9d2417c,,"{""reason"":""book imbalance 3.51 bid/ask, spread 1.0 ticks -> long"",""leg"":null,""stop"":80372.668096,""size_mult"":1.0}",80449.9,15,long,1,93.13152902130767,-0.23931274966242203,9
42e1db80ce214f74,1789906383399,3,S08,ETHUSDT,70cf6156a3314045,BUY,0.422,2580.4439512488852,0.43557893897081185,1.7207412747489037,stop,-4.162598012550652,1,4ed88654d5ad4bae,,"{""reason"":""stop hit at 2580"",""fraction"":1.0,""leg"":null,""remaining"":0.0,""r"":-1.2658550053713518}",2580.0,15,short,0,89.32538461558653,0.0,1
26f771f682b24897,1789906207185,3,S17,SOLUSDT,6913ace6a9da462f,BUY,13.16,108.71316082947823,0.5722660786063735,2.130907119167021,time,-0.32155027213677556,1,5ead1434a8e34d68,,"{""reason"":""max hold reached"",""fraction"":1.0,""leg"":null,""remaining"":0.0,""r"":-0.8866553787447609}",108.69,15,short,0,93.93408679606995,0.0,9
8ef7aec71b9648d3,1789906161982,3,S17,SOLUSDT,6913ace6a9da462f,SELL,13.16,108.68872691822163,0.5721374584975187,1.956865217401199,entry,0.0,1,5ead1434a8e34d68,,"{""reason"":""book imbalance 0.32 bid/ask, spread 1.0 ticks -> short"",""leg"":null,""stop"":108.8143616,""size_mult"":1.0}",108.71,15,short,1,94.54794939060987,-0.27995375620322877,9
b36c0fc81ff9469b,1789906153770,3,S17,SOLUSDT,96c9cad397564b15,BUY,13.47,108.72277064591684,0.5857982882402,2.0948156317229496,time,-1.0334798834206398,1,1a9530e37bad4908,,"{""reason"":""max hold reached"",""fraction"":1.0,""leg"":null,""remaining"":0.0,""r"":-1.27592584715659}",108.7,15,short,0,95.40004060531062,0.0,9
ebd302051a294710,1789906108375,3,S17,SOLUSDT,96c9cad397564b15,SELL,13.47,108.64604608144612,0.5853848962868318,2.2042807172078795,entry,0.0,1,1a9530e37bad4908,,"{""reason"":""book imbalance 0.49 bid/ask, spread 1.0 ticks -> short"",""leg"":null,""stop"":108.7743232,""size_mult"":1.0}",108.67,15,short,1,96.69665949405062,-0.32265928292084384,9
5df4537b94f34d84,1789906094667,3,S17,SOLUSDT,4ac80ae952084681,BUY,13.8,108.68515712657839,0.5999420673387127,1.3947848144275719,time,-1.1958905482835946,1,ba757e4539d741f1,,"{""reason"":""max hold reached"",""fraction"":1.0,""leg"":null,""remaining"":0.0,""r"":-1.2782737176583676}",108.67,15,short,0,97.60470367325829,0.0,9
3fc4190ce54e430c,1789906049275,3,S17,SOLUSDT,4ac80ae952084681,SELL,13.8,108.59849839119552,0.5994637111193993,2.8998995493390627,entry,0.0,1,ba757e4539d741f1,,"{""reason"":""book imbalance 0.38 bid/ask, spread 1.0 ticks -> short"",""leg"":null,""stop"":108.7342848,""size_mult"":1.0}",108.63,15,short,1,98.96581408737883,-0.434722201501765,9
82d9c50cd6894fa6,1789906029392,3,S01,SOLUSDT,ef62a85367204c8e,BUY,6.2,108.6568887629651,0.2694690841321535,2.475261250585886,stop,-3.725523252419504,1,f5679374d545472c,,"{""reason"":""stop hit at 108.627"",""fraction"":1.0,""leg"":null,""remaining"":0.0,""r"":-1.2033792053932812}",108.63,15,short,0,82.1880081245143,0.0,1
c40ec7416ada43fb,1789905963659,3,S17,SOLUSDT,7a7ecddab44e45a0,BUY,10.43,108.58618379347597,0.45302155878638173,2.4119190747945014,halt,-0.5945672476802191,1,af50b65f8a644f3a,,"{""reason"":""strategy halt -25%"",""fraction"":1.0,""leg"":null,""remaining"":0.0,""r"":-1.0652575851884711}",108.56,15,short,0,74.02109431751794,0.0,8
b1857b409af74296,1789905963658,3,S17,SOLUSDT,7a7ecddab44e45a0,SELL,10.43,108.52917830472427,0.4527837318873097,2.8391392111021787,entry,0.0,1,af50b65f8a644f3a,,"{""reason"":""book imbalance 0.21 bid/ask, spread 1.0 ticks -> short"",""leg"":null,""stop"":108.6642176,""size_mult"":1.0}",108.56,15,short,1,74.74721284225865,-0.32147028172589953,8
2658c0e330f24fb1,1789905949416,3,S17,SOLUSDT,456f5845b840484a,BUY,10.72,108.56302178452353,0.4655182374120369,2.121041507602393,time,-1.1258852276715947,1,9700662f453344f0,,"{""reason"":""max hold reached"",""fraction"":1.0,""leg"":null,""remaining"":0.0,""r"":-1.4089434857621095}",108.54,15,short,0,75.52146685587185,0.0,8
064c590248fc49ca,1789905904220,3,S17,SOLUSDT,456f5845b840484a,SELL,10.72,108.45799517746461,0.4650678833209683,2.950025120783528,entry,0.0,1,9700662f453344f0,,"{""reason"":""book imbalance 0.22 bid/ask, spread 2.0 ticks -> short"",""leg"":null,""stop"":108.59415039999999,""size_mult"":1.0}",108.49,15,short,1,76.76977862337615,-0.3430916975793207,8
bfe3a38c0aa44957,1789905896189,3,S17,SOLUSDT,588df5d8a4f94715,BUY,11.02,108.50970052361188,0.47831075990808114,2.737880126463532,time,-1.176758321810847,1,dd0015a3ec7a44b6,,"{""reason"":""max hold reached"",""fraction"":1.0,""leg"":null,""remaining"":0.0,""r"":-1.4754886386496497}",108.48,15,short,0,77.57793820427645,0.0,8
160730e1df294ee6,1789905850918,3,S17,SOLUSDT,588df5d8a4f94715,SELL,11.02,108.40291664685954,0.4778400565793569,2.497773046248829,entry,0.0,1,dd0015a3ec7a44b6,,"{""reason"":""book imbalance 0.19 bid/ask, spread 1.0 ticks -> short"",""leg"":null,""stop"":108.53409280000001,""size_mult"":1.0}",108.43,15,short,1,78.9345487343874,-0.298458551607969,8
39500dd9e298424a,1789905823181,3,S17,ETHUSDT,afad18a00e914c57,SELL,0.469,2575.738905901169,0.4832086187470593,1.8674418288451573,time,0.01689235184237441,1,f5c8920b795f4035,,"{""reason"":""max hold reached"",""fraction"":1.0,""leg"":null,""remaining"":0.0,""r"":-0.6376788252910204}",2576.22,15,long,0,79.71084734257474,0.0,8
211edc5c9d62436c,1789905778166,3,S17,ETHUSDT,afad18a00e914c57,BUY,0.469,2575.7028880934026,0.4832018618063223,2.729662498650409,entry,0.0,1,f5c8920b795f4035,,"{""reason"":""book imbalance 5.24 bid/ask, spread 1.0 ticks -> long"",""leg"":null,""stop"":2572.528,""size_mult"":1.0}",2575.0,15,long,1,79.84750909367358,-0.32965451580583566,8
e417061e99454f9a,1789905735339,3,S17,ETHUSDT,d9161ec14857435e,SELL,0.479,2575.1853000166616,0.49340550348319234,2.6581309745389197,time,-0.7290709059771984,1,3177d7904ec04b3b,,"{""reason"":""max hold reached"",""fraction"":1.0,""leg"":null,""remaining"":0.0,""r"":-1.2884559224047931}",2575.87,15,long,0,80.66036547128574,0.0,8
ba9d5c6f08da4948,1789905690220,3,S17,ETHUSDT,d9161ec14857435e,BUY,0.479,2576.7073687139,0.4936971318455832,1.1930162781402374,entry,0.0,1,3177d7904ec04b3b,,"{""reason"":""book imbalance 3.74 bid/ask, spread 2.0 ticks -> long"",""leg"":null,""stop"":2573.926656,""size_mult"":1.0}",2576.4,15,long,1,81.73561226678807,-0.14722961395805442,8
99514ec8ea4a4140,1789905688779,3,S17,ETHUSDT,ec6ec48198484d7b,SELL,0.489,2576.0002960111997,0.5038656578997907,1.4737887609760578,time,-0.7851275439155829,1,f839469bfe3048a9,,"{""reason"":""max hold reached"",""fraction"":1.0,""leg"":null,""remaining"":0.0,""r"":-1.214304867601541}",2576.38,15,long,0,82.3765390125917,0.0,8
10698fc900f642db,1789905643427,3,S17,ETHUSDT,ec6ec48198484d7b,BUY,0.489,2577.605873810618,0.5041797089173569,2.118203730679604,entry,0.0,1,f839469bfe3048a9,,"{""reason"":""book imbalance 2.49 bid/ask, spread 2.0 ticks -> long"",""leg"":null,""stop"":2574.5860224,""size_mult"":1.0}",2577.06,15,long,1,83.39859992101482,-0.2669322933922531,8
e23fbef0551d490b,1789905625754,3,S17,SOLUSDT,65bebe46cafc4d61,BUY,11.82,108.4624571136781,0.51281049723347,2.993370255288564,time,-0.33481744924119594,1,c629e185ddb74cb3,,"{""reason"":""max hold reached"",""fraction"":1.0,""leg"":null,""remaining"":0.0,""r"":-0.8853315228386713}",108.43,15,short,0,84.16971192332444,0.0,8
c473e9acdf3c489c,1789905580492,3,S17,SOLUSDT,65bebe46cafc4d61,SELL,11.82,108.43413076433451,0.5126765702537736,2.3851406661889234,entry,0.0,1,c629e185ddb74cb3,,"{""reason"":""book imbalance 0.23 bid/ask, spread 1.0 ticks -> short"",""leg"":null,""stop"":108.5641216,""size_mult"":1.0}",108.46,15,short,1,84.71156550423312,-0.3057743655659965,8
5991f758bb5a43db,1789905579732,3,S17,SOLUSDT,9458e1b9b9134e44,BUY,12.03,108.48076421596886,0.5220094374072421,1.91445841498057,time,-0.42232671119996934,1,d3ef666e02a84ab0,,"{""reason"":""max hold reached"",""fraction"":1.0,""leg"":null,""remaining"":0.0,""r"":-0.9486552863719029}",108.46,15,short,0,85.53001644005289,0.0,8
acaa41ccf10b4ec8,1789905534461,3,S17,SOLUSDT,9458e1b9b9134e44,SELL,12.03,108.44565808868707,0.5218405067227622,2.244114622747132,entry,0.0,1,d3ef666e02a84ab0,,"{""reason"":""book imbalance 0.05 bid/ask, spread 1.0 ticks -> short"",""leg"":null,""stop"":108.5741312,""size_mult"":1.0}",108.47,15,short,1,86.18151939556554,-0.29283319309455536,8
1d84255e873c4c79,1789905534437,3,S17,SOLUSDT,9cda10105b304032,BUY,12.23,108.4842938397058,0.5307051654638408,1.31776894125478,time,-0.4140049309039614,1,202c06062be248a5,,"{""reason"":""max hold reached"",""fraction"":1.0,""leg"":null,""remaining"":0.0,""r"":-0.9022198374815488}",108.47,15,short,0,86.99619309538286,0.0,8
d422887771904a40,1789905489400,3,S17,SOLUSDT,9cda10105b304032,SELL,12.23,108.45044225091561,0.5305395634914792,2.7247187577796086,entry,0.0,1,202c06062be248a5,,"{""reason"":""book imbalance 0.05 bid/ask, spread 2.0 ticks -> short"",""leg"":null,""stop"":108.5841408,""size_mult"":1.0}",108.48,15,short,1,87.57941192044858,-0.36149127130208586,8
ebef3a56534c451a,1789905489386,3,S17,SOLUSDT,4470ea54540b4558,BUY,12.39,108.50195438734106,0.5377356859436624,2.023818892058582,time,-0.09048460081179485,1,4e107d07fef040ee,,"{""reason"":""max hold reached"",""fraction"":1.0,""leg"":null,""remaining"":0.0,""r"":-0.7873415071794817}",108.48,15,short,0,88.47144275524214,0.0,8
d028f81947a244b1,1789905444320,3,S17,SOLUSDT,4470ea54540b4558,SELL,12.39,108.49465135257013,0.5376994921033377,1.4144915150561048,entry,0.0,1,4e107d07fef040ee,,"{""reason"":""book imbalance 0.03 bid/ask, spread 1.0 ticks -> short"",""leg"":null,""stop"":108.61416960000001,""size_mult"":1.0}",108.51,15,short,1,88.90949330034144,-0.19016974165614528,8
738f74997dc94353,1789905444191,3,S17,SOLUSDT,31b4019e980f414c,BUY,12.58,108.53045371841122,0.5461252431110453,1.8849616082588998,time,-0.35778979079685175,1,851cbd3d0a754d3f,,"{""reason"":""max hold reached"",""fraction"":1.0,""leg"":null,""remaining"":0.0,""r"":-0.8719732465156558}",108.51,15,short,0,89.63736253410093,0.0,8
e42aaaadb27d401d,1789905398865,3,S17,SOLUSDT,31b4019e980f414c,SELL,12.58,108.50201255857046,0.5459821271947266,2.578774664105718,entry,0.0,1,851cbd3d0a754d3f,,"{""reason"":""book imbalance 0.02 bid/ask, spread 2.0 ticks -> short"",""leg"":null,""stop"":108.6341888,""size_mult"":1.0}",108.53,15,short,1,90.18919555482516,-0.3520820131836749,8
09e9569284774015,1789905396477,3,S09,SOLUSDT,d06248c324894fd2,SELL,9.77,108.18483127187736,0.4227863206104967,1.4019157229804984,stop,-4.275632904616913,1,cb7ca6daba944a56,,"{""reason"":""stop hit at 108.216"",""fraction"":1.0,""leg"":null,""remaining"":0.0,""r"":-1.2896393797709713}",108.2,15,long,0,88.7186670152195,0.0,3
b75785d900254eee,1789905396473,3,S15,SOLUSDT,5035f303a5734761,BUY,10.83,108.26654770504913,0.46901068465827284,1.5286563555792192,tp,3.3826933551398337,1,a45f2b7dec4f4873,,"{""reason"":""take-profit"",""fraction"":1.0,""leg"":null,""remaining"":0.0,""r"":0.5623187682576452}",108.25,15,short,0,105.35940146836612,0.0,1
a42ad7c703ba4721,1789905396468,3,S17,SOLUSDT,a207b130fdc54567,BUY,12.3,108.30637797025129,0.5328673796136364,1.5124176056228542,tp,3.1128005795690044,1,9286989888854690,,"{""reason"":""take-profit"",""fraction"":1.0,""leg"":null,""remaining"":0.0,""r"":1.3329011546966896}",108.29,15,short,0,91.08725969520356,0.0,8
6490b82e63a842cb,1789905396463,3,S05,SOLUSDT,9ab13eb0943b42bb,SELL,13.81,108.35988593000143,0.598580009877328,1.8558839267912213,stop,-3.664821749643654,1,1a55b8bd1a8f481f,,"{""reason"":""stop hit at 108.425"",""fraction"":1.0,""leg"":null,""remaining"":0.0,""r"":-1.7620412245825277}",108.38,15,long,0,95.13655230190183,0.0,2
741bcefe5e934b96,1789905376582,3,S17,SOLUSDT,a207b130fdc54567,SELL,12.3,108.55945118810243,0.534112499845464,1.892504319172076,entry,0.0,1,9286989888854690,,"{""reason"":""book imbalance 0.04 bid/ask, spread 1.0 ticks -> short"",""leg"":null,""stop"":108.6842368,""size_mult"":1.0}",108.58,15,short,1,88.25457610890808,-0.2527503863401037,8
46bdcffb786147bb,1789905332644,3,S17,SOLUSDT,063245b8a594467c,BUY,12.49,108.60406726859597,0.5425859200739055,2.2165471169624547,time,-0.3184545552845491,1,41a9b63216f64de1,,"{""reason"":""max hold reached"",""fraction"":1.0,""leg"":null,""remaining"":0.0,""r"":-0.8940555830985423}",108.58,15,short,0,89.04143899509364,0.0,8
1c2ebe946e5b4942,1789905300289,3,S15,SOLUSDT,5035f303a5734761,SELL,10.83,108.57889242851542,0.47036376200032887,1.943606950698289,entry,0.0,1,a45f2b7dec4f4873,,"{""reason"":""fade up cascade 0.65% on 2.9x vol"",""leg"":null,""stop"":108.98010000000001,""size_mult"":1.0}",108.6,15,short,1,102.21712379870658,-0.22859499917797593,1
44b34961aa18407e,1789905300289,3,S09,SOLUSDT,d06248c324894fd2,BUY,9.77,108.62246002362934,0.42449657377234346,2.0681421389816443,entry,0.0,1,cb7ca6daba944a56,,"{""reason"":""ATR expansion x1.80 long break of 12-bar range"",""leg"":null,""stop"":108.2158722003238,""size_mult"":1.0}",108.6,15,long,1,93.19765180958817,-0.2194344308587469,3
a4150d144a3545ba,1789905300288,3,S05,SOLUSDT,9ab13eb0943b42bb,BUY,13.81,108.62526042309655,0.6000459385771854,2.326005809995163,entry,0.0,1,1a55b8bd1a8f481f,,"{""reason"":""VWAP reclaim long vol 1805>19"",""leg"":null,""stop"":108.42539645469263,""size_mult"":1.0}",108.6,15,long,1,99.0511076184594,-0.34884644296341794,2
4d74f4a7195d4d26,1789905287631,3,S17,SOLUSDT,063245b8a594467c,SELL,12.49,108.57857050676374,0.5424585382517917,1.9732498375921341,entry,0.0,1,41a9b63216f64de1,,"{""reason"":""book imbalance 0.01 bid/ask, spread 1.0 ticks -> short"",""leg"":null,""stop"":108.704256,""size_mult"":1.0}",108.6,15,short,1,89.63482509993128,-0.26765437052082336,8
afe20c09d25641f7,1789905284943,3,S09,SOLUSDT,6a6cedf389fe478f,SELL,11.28,108.13115969234417,0.4878877925318569,1.7420534124675988,stop,-5.180569372967854,1,79dec906cba84438,,"{""reason"":""stop hit at 108.206"",""fraction"":1.0,""leg"":null,""remaining"":0.0,""r"":-1.4185345229342292}",108.15,15,long,0,93.84158281421925,0.0,3
fef91a04704e4dc1,1789905284937,3,S15,SOLUSDT,c6c060c09152492f,BUY,10.55,108.16270906877921,0.45644663227024834,1.1751334978460357,tp,3.627901059021487,1,df733864871843be,,"{""reason"":""take-profit"",""fraction"":1.0,""leg"":null,""remaining"":0.0,""r"":0.6540866877605035}",108.15,15,short,0,102.91608255988488,0.0,1
73d03e2de6ee4808,1789905240614,3,S09,SOLUSDT,6a6cedf389fe478f,BUY,11.28,108.59043002682714,0.4899600202810441,2.803060687835345,entry,0.0,1,79dec906cba84438,,"{""reason"":""ATR expansion x1.73 long break of 12-bar range"",""leg"":null,""stop"":108.20555467727179,""size_mult"":1.0}",108.56,15,long,1,99.16678927710889,-0.3432507026100643,3
3dc3f509df6a4889,1789905206602,3,S17,BTCUSDT,abe7e91b6f304acf,BUY,0.0172,80478.3624238394,0.5536911334760151,2.7670274645909974,time,-0.8371068785515905,1,c6ca5c42f17144d4,,"{""reason"":""max hold reached"",""fraction"":1.0,""leg"":null,""remaining"":0.0,""r"":-1.1612296893527576}",80456.1,15,short,0,90.4449380087039,0.0,8
9077b1cf4ab64609,1789905180344,3,S15,SOLUSDT,c6c060c09152492f,SELL,10.55,108.50658594641158,0.45789779269385694,1.236090452305208,entry,0.0,1,df733864871843be,,"{""reason"":""fade up cascade 0.57% on 6.0x vol"",""leg"":null,""stop"":108.89982,""size_mult"":1.0}",108.52,15,short,1,99.60310986777581,-0.1415182653578306,1
09ea2366656242d6,1789905180333,3,S09,SOLUSDT,55803cffec374b53,SELL,7.97,108.50372009461822,0.3459098596616429,1.5001755788586049,halt,-0.3683792302072226,1,01b85a53b01d4bc5,,"{""reason"":""strategy halt -25%"",""fraction"":1.0,""leg"":null,""remaining"":0.0,""r"":-0.3258709124729016}",108.52,15,long,0,74.38535579287685,0.0,2
8282fa764ab74eee,1789905180332,3,S09,SOLUSDT,55803cffec374b53,BUY,7.97,108.54994082613732,0.34605721135372575,2.759014572181774,entry,0.0,1,01b85a53b01d4bc5,,"{""reason"":""ATR expansion x1.92 long break of 12-bar range"",""leg"":null,""stop"":108.14167426783115,""size_mult"":1.0}",108.52,15,long,1,74.86101649843128,-0.2386283843144419,2
bd57cf7b6bd44969,1789905161222,3,S17,BTCUSDT,abe7e91b6f304acf,SELL,0.0172,80429.69341927244,0.5533562907245945,2.499270442879215,entry,0.0,1,c6ca5c42f17144d4,,"{""reason"":""book imbalance 0.46 bid/ask, spread 1.0 ticks -> short"",""leg"":null,""stop"":80527.031808,""size_mult"":1.0}",80449.8,15,short,1,91.48990283221748,-0.3458331885140156,8
ac5a892183104cd5,1789905113528,3,S09,SOLUSDT,d670f31b19cb4381,SELL,9.88,107.89439031005085,0.42639863050532106,1.4465471178895635,stop,-6.070173033675932,1,ed2104bc2280484b,,"{""reason"":""stop hit at 108.157"",""fraction"":1.0,""leg"":null,""remaining"":0.0,""r"":-1.9914822965224066}",107.91,15,long,0,75.44570209409945,0.0,2
391e5eb4d8b34175,1789905061255,3,S09,SOLUSDT,d670f31b19cb4381,BUY,9.88,108.50878029321643,0.42882669971879145,1.7310621454915478,entry,0.0,1,ed2104bc2280484b,,"{""reason"":""ATR expansion x1.84 long break of 12-bar range"",""leg"":null,""stop"":108.15680565973317,""size_mult"":1.0}",108.49,15,long,1,81.75672446130228,-0.18554929697840125,2
cba7285adac14f86,1789905020947,3,S17,ETHUSDT,13a8e57c77724a10,BUY,0.548,2577.2200306603686,0.5649266307207529,2.83343098699613,time,-0.7187207776864307,1,ad9cce6fe81d40f6,,"{""reason"":""max hold reached"",""fraction"":1.0,""leg"":null,""remaining"":0.0,""r"":-1.169169373963042}",2576.49,15,short,0,92.3890923114561,0.0,8
8f81b61366fd4011,1789905005456,3,S09,SOLUSDT,2bc4d01e2f6b4db1,SELL,11.7,107.88373532958491,0.5048958813424573,2.433942212499688,stop,-7.223599062189052,1,5703d8f3ca584e80,,"{""reason"":""stop hit at 108.17"",""fraction"":1.0,""leg"":null,""remaining"":0.0,""r"":-2.1274950371677925}",107.91,15,long,0,82.37110045799949,0.0,2
33825759fd924c3e,1789905001194,3,S09,SOLUSDT,2bc4d01e2f6b4db1,BUY,11.7,108.50113695883184,0.507785320967333,1.9484659690112072,entry,0.0,1,5703d8f3ca584e80,,"{""reason"":""ATR expansion x1.77 long break of 12-bar range"",""leg"":null,""stop"":108.17025224894343,""size_mult"":1.0}",108.48,15,long,1,89.85229298319857,-0.2473024183324341,2
de41f8c10c6b445a,1789904975830,3,S17,ETHUSDT,13a8e57c77724a10,SELL,0.548,2575.9084963945174,0.5646391424096783,1.5972534680574686,entry,0.0,1,ad9cce6fe81d40f6,,"{""reason"":""book imbalance 0.39 bid/ask, spread 1.0 ticks -> short"",""leg"":null,""stop"":2578.7932672,""size_mult"":1.0}",2576.32,15,short,1,93.44723574405874,-0.22550397580453138,8
258d229d8fb746ab,1789904969191,3,S17,BTCUSDT,3027c60dcfcf4a9d,BUY,0.0178,80447.99488462543,0.572789723578533,1.6280103071466328,time,-0.41115915556530236,1,4913fc150e2e40ad,,"{""reason"":""max hold reached"",""fraction"":1.0,""leg"":null,""remaining"":0.0,""r"":-1.0025972625525146}",80434.9,15,short,0,94.23737886227295,0.0,8
077726d17af4400f,1789904945484,3,S09,SOLUSDT,b49f6c6cb7164b8a,SELL,13.82,107.89915788355422,0.5964665447802878,1.0047369516987539,stop,-8.196407624891142,1,deccb61ec3da4bac,,"{""reason"":""stop hit at 108.175"",""fraction"":1.0,""leg"":null,""remaining"":0.0,""r"":-2.1400265624878596}",107.91,15,long,0,90.60738072249833,0.0,2
221783f8fc0c4b70,1789904940758,3,S09,SOLUSDT,b49f6c6cb7164b8a,BUY,13.82,108.49224092442913,0.5997451078302443,2.9726096652353537,entry,0.0,1,deccb61ec3da4bac,,"{""reason"":""ATR expansion x1.68 long break of 12-bar range"",""leg"":null,""stop"":108.1746562680929,""size_mult"":1.0}",108.46,15,long,1,98.95468531655915,-0.4455695756106067,2
18db473ce7c84c1a,1789904923570,3,S17,BTCUSDT,3027c60dcfcf4a9d,SELL,0.0178,80424.89605566108,0.572625259916307,1.243731805337361,entry,0.0,1,4913fc150e2e40ad,,"{""reason"":""book imbalance 0.20 bid/ask, spread 1.0 ticks -> short"",""leg"":null,""stop"":80512.117504,""size_mult"":1.0}",80434.9,15,short,1,95.0432575321842,-0.17807020923260716,8
c295c84e2e314e82,1789904919153,3,S17,ETHUSDT,c8fc39f721124fb9,BUY,0.57,2576.6926663333866,0.5874859279240121,1.1747690892557405,time,-1.0340646878027426,1,a702898b6d2644f0,,"{""reason"":""max hold reached"",""fraction"":1.0,""leg"":null,""remaining"":0.0,""r"":-1.2942385316856952}",2576.39,15,short,0,95.79395300133311,0.0,8
bf1587494beb4690,1789904884721,3,S09,SOLUSDT,eabb3cfe41c04d17,SELL,10.58,108.0583178895733,0.45730280130867423,2.006116804838696,stop,-3.5580333855272777,1,f7755c4e643d424d,,"{""reason"":""stop hit at 108.103"",""fraction"":1.0,""leg"":null,""remaining"":0.0,""r"":-1.45252968191992}",108.08,15,long,0,71.97087336226181,0.0,1
706d0517cb764f54,1789904873597,3,S17,ETHUSDT,c8fc39f721124fb9,SELL,0.57,2574.878517758294,0.587072302048891,2.0248592129617244,entry,0.0,1,a702898b6d2644f0,,"{""reason"":""book imbalance 0.33 bid/ask, spread 1.0 ticks -> short"",""leg"":null,""stop"":2577.8723840000002,""size_mult"":1.0}",2575.4,15,short,1,97.1182587392874,-0.2972448777724503,8
df5d1802c01f4095,1789904820610,3,S09,SOLUSDT,eabb3cfe41c04d17,BUY,10.58,108.39461594113543,0.45872601466288515,1.3485828691127162,entry,0.0,1,f7755c4e643d424d,,"{""reason"":""ATR expansion x1.70 long break of 12-bar range"",""leg"":null,""stop"":108.10348300914917,""size_mult"":1.0}",108.38,15,long,1,75.83157289188492,-0.154636657212869,1
d6c304c571cd4235,1789904578185,3,S17,BTCUSDT,f58ba37a04a64ee1,BUY,0.0186,80450.97745180593,0.5985552722414361,2.6081626017563377,time,-0.8006337899243516,1,79f818c9dfd549b2,,"{""reason"":""max hold reached"",""fraction"":1.0,""leg"":null,""remaining"":0.0,""r"":-1.0762445966099317}",80430.0,15,short,0,98.00257591910875,0.0,8
c756c533fdc5413a,1789904532769,3,S17,BTCUSDT,f58ba37a04a64ee1,SELL,0.0186,80407.93262439064,0.5982350187254664,2.8058231155296336,entry,0.0,1,79f818c9dfd549b2,,"{""reason"":""book imbalance 0.12 bid/ask, spread 2.0 ticks -> short"",""leg"":null,""stop"":80507.71328,""size_mult"":1.0}",80430.5,15,short,1,98.98201179494043,-0.41975318633409914,8
feb7faf18d9749ad,1789904406620,3,S17,BTCUSDT,e26fe05dcbbe41fc,BUY,0.0141,80434.95481476508,0.4536531451552751,2.954167425070967,time,-0.46298118376824277,1,73eb013e99cf4ca2,,"{""reason"":""max hold reached"",""fraction"":1.0,""leg"":null,""remaining"":0.0,""r"":-1.0208685057624989}",80411.2,15,short,0,74.43450932197719,0.0,7
743c749103d34da8,1789904361561,3,S17,BTCUSDT,e26fe05dcbbe41fc,SELL,0.0141,80402.11926981698,0.45346795268176776,2.2358502641795823,entry,0.0,1,73eb013e99cf4ca2,,"{""reason"":""book imbalance 0.29 bid/ask, spread 1.0 ticks -> short"",""leg"":null,""stop"":80497.30329600001,""size_mult"":1.0}",80420.1,15,short,1,75.09761535531997,-0.25352829558071827,7
b1ae831f2ad6411a,1789904361344,3,S17,ETHUSDT,04fab2c7a0294767,BUY,0.441,2574.534249499568,0.45414784161172383,1.4538703871087035,time,0.936887760424237,1,1ba79250e9f74a52,,"{""reason"":""max hold reached"",""fraction"":1.0,""leg"":null,""remaining"":0.0,""r"":0.023308402494863916}",2574.16,15,short,0,75.80461160358247,0.0,7
50923c31d03143ac,1789904316257,3,S17,ETHUSDT,04fab2c7a0294767,SELL,0.441,2576.6587115413463,0.45452259671589346,1.0527583545292107,entry,0.0,1,1ba79250e9f74a52,,"{""reason"":""book imbalance 0.04 bid/ask, spread 1.0 ticks -> short"",""leg"":null,""stop"":2579.4038527999996,""size_mult"":1.0}",2576.93,15,short,1,75.20223347450373,-0.11963821026621281,7
8687fec237ab4e90,1789904316188,3,S17,ETHUSDT,3316722c96e5457b,BUY,0.449,2577.4289065606026,0.46290623161828426,1.9360501084731556,time,-0.4843701773849448,1,57db7536d74c4b4d,,"{""reason"":""max hold reached"",""fraction"":1.0,""leg"":null,""remaining"":0.0,""r"":-1.0283475000195965}",2576.93,15,short,0,75.77639428148585,0.0,7
7744cc2184874164,1789904270597,3,S17,ETHUSDT,3316722c96e5457b,SELL,0.449,2576.3501311098566,0.46271248354733024,2.2502314387397755,entry,0.0,1,57db7536d74c4b4d,,"{""reason"":""book imbalance 0.14 bid/ask, spread 1.0 ticks -> short"",""leg"":null,""stop"":2579.4038527999996,""size_mult"":1.0}",2576.93,15,short,1,76.46330955881479,-0.26036113167429176,7
05f83acd511a440e,1789904131098,3,S17,ETHUSDT,05dadfe7265a4d1b,BUY,0.449,2574.4825982156435,0.4623770746395296,2.652102788263119,time,0.8450980819594379,1,ee4ce20451c94dc5,,"{""reason"":""max hold reached"",""fraction"":1.0,""leg"":null,""remaining"":0.0,""r"":-0.05862327243083321}",2573.8,15,short,0,77.18638317403641,0.0,7
2caece103ae94b04,1789904102425,3,S20,SOLUSDT,17f0d0daf42243a7,BUY,13.51,108.39006460634836,0.5857399091327066,1.8514908506368926,stop,-2.982360002231961,1,0c5be27bbc63425d,,"{""reason"":""stop hit at 108.361"",""fraction"":1.0,""leg"":null,""remaining"":0.0,""r"":-1.6008405856937138}",108.37,15,short,0,93.36183755564089,0.0,2
3a6f5a230cbb4fb3,1789904102233,3,S20,SOLUSDT,17f0d0daf42243a7,SELL,13.51,108.16931257065391,0.5845469651318137,1.912138769395374,entry,0.0,1,0c5be27bbc63425d,,"{""reason"":""ensemble net -3 of 3 counted votes -> short"",""leg"":null,""stop"":108.36132156225007,""size_mult"":1.0}",108.19,15,short,1,96.65045029654,-0.27948717046557875,2
2061bb654cfb4a4f,1789904100147,3,S06,ETHUSDT,8b9aff29aba1447e,BUY,0.552,2575.113791317127,0.5685851251228217,2.9669288058226417,entry,0.0,1,8d7e9de7e8154a67,,"{""reason"":""5m supertrend flip long, 15m agrees"",""leg"":null,""stop"":2570.042527994773,""size_mult"":1.0}",2574.35,15,long,1,93.84253740122448,-0.4216128070541127,1
30e10e2834ec464d,1789904086023,3,S17,ETHUSDT,05dadfe7265a4d1b,SELL,0.449,2576.3647765719006,0.4627151138723134,2.193398455135773,entry,0.0,1,ee4ce20451c94dc5,,"{""reason"":""book imbalance 0.35 bid/ask, spread 2.0 ticks -> short"",""leg"":null,""stop"":2579.4038527999996,""size_mult"":1.0}",2576.93,15,short,1,76.54987684749996,-0.253785319216548,7
df865a283cea4505,1789904043052,3,S06,SOLUSDT,0d2a233a21aa4c9e,BUY,8.71,108.35550678876096,0.3775105856520432,1.4313078051463797,trail,-1.008862150778091,1,c3c547d923c94c4b,,"{""reason"":""trail hit at 108.336"",""fraction"":1.0,""leg"":null,""remaining"":0.0,""r"":-0.4275296024521348}",108.34,15,short,0,94.83273533340142,0.0,1
af50987c5f9e4382,1789903942197,3,S07,SOLUSDT,7beac17fd2f44a79,BUY,13.05,108.32131511439476,0.5654372648971407,1.968154607088989,stop,-4.087595568297127,1,e591dbd872464db6,,"{""reason"":""stop hit at 108.295"",""fraction"":1.0,""leg"":null,""remaining"":0.0,""r"":-1.3933189452829222}",108.3,15,short,0,88.82255948499318,0.0,1
84ec91ce85e449cb,1789903938092,3,S17,ETHUSDT,c55744efd08b42c4,BUY,0.461,2575.258026195228,0.4748775800304001,1.7400359452851315,time,-0.9934263307313136,1,f301206b24af43bf,,"{""reason"":""max hold reached"",""fraction"":1.0,""leg"":null,""remaining"":0.0,""r"":-1.3517229225496832}",2574.81,15,short,0,77.26637728058881,0.0,7
7ab17fb8192743ad,1789903920690,3,S19,SOLUSDT,6e21a31bad2d4c59,BUY,9.15,108.29063780649878,0.39634373437178555,1.906142652514735,time,-2.5973855803551134,1,77c1c239484a4437,,"{""reason"":""max hold reached"",""fraction"":1.0,""leg"":null,""remaining"":0.0,""r"":-0.9923820855670691}",108.27,15,short,0,79.03538003754622,0.0,1
f745f699bc02434d,1789903892305,3,S17,ETHUSDT,c55744efd08b42c4,SELL,0.461,2573.103088384531,0.47448020949810754,2.5134982631136236,entry,0.0,1,f301206b24af43bf,,"{""reason"":""book imbalance 0.38 bid/ask, spread 1.0 ticks -> short"",""leg"":null,""stop"":2576.2208,""size_mult"":1.0}",2573.75,15,short,1,78.43645493661931,-0.2982262547311998,7
5f071da919c745de,1789903892038,3,S20,SOLUSDT,655ded3e4b5a4cf2,BUY,14.02,108.12810586129326,0.6063824176701327,1.6747628612768604,stop,-2.222741322999535,1,4805b8d63eb7485e,,"{""reason"":""stop hit at 108.089"",""fraction"":1.0,""leg"":null,""remaining"":0.0,""r"":-2.0588884723566214}",108.11,15,short,0,97.51448443213738,0.0,2
f524f85b90374fec,1789903578681,3,S17,ETHUSDT,496e696ef0e64675,BUY,0.47,2571.8713101173653,0.48351180630206464,1.7939967463980362,time,-0.4093876641820952,1,4f6f91204853484a,,"{""reason"":""max hold reached"",""fraction"":1.0,""leg"":null,""remaining"":0.0,""r"":-0.9241380027254457}",2571.41,15,short,0,79.20916140084863,0.0,7
149b2e46d2d6432f,1789903533663,3,S17,ETHUSDT,496e696ef0e64675,SELL,0.47,2571.000272533999,0.48334805123639185,2.7208751642905993,entry,0.0,1,4f6f91204853484a,,"{""reason"":""book imbalance 0.22 bid/ask, spread 1.0 ticks -> short"",""leg"":null,""stop"":2574.168832,""size_mult"":1.0}",2571.7,15,short,1,79.77318896231249,-0.3288719090203267,7
8cce4bf831b143f0,1789903528093,3,S17,ETHUSDT,c2ecc57d72814dd9,BUY,0.478,2572.1242247735686,0.49179015177670626,2.0385159961456196,time,-0.49561521514075685,1,b0abb3b5d3f54c83,,"{""reason"":""max hold reached"",""fraction"":1.0,""leg"":null,""remaining"":0.0,""r"":-1.096741134843063}",2571.6,15,short,0,80.5854089225692,0.0,7
b676f5b6c0e84e93,1789903483047,3,S17,ETHUSDT,c2ecc57d72814dd9,SELL,0.478,2571.087372859048,0.49159190569065,1.3713216756066378,entry,0.0,1,b0abb3b5d3f54c83,,"{""reason"":""book imbalance 0.39 bid/ask, spread 1.0 ticks -> short"",""leg"":null,""stop"":2573.9085824,""size_mult"":1.0}",2571.44,15,short,1,81.40425851611164,-0.16855577337499925,7
9dd893fcbf904192,1789903406106,3,S17,BTCUSDT,54c8fbccb0fc4d61,SELL,0.0155,80303.1022217098,0.49787923377460086,1.1203515149273235,time,-0.3862286534616942,1,324d2aad205a454d,,"{""reason"":""max hold reached"",""fraction"":1.0,""leg"":null,""remaining"":0.0,""r"":-0.9434189519082241}",80312.1,15,long,0,82.0644061951773,0.0,7
fb52d5a31b164140,1789903361054,3,S17,BTCUSDT,54c8fbccb0fc4d61,BUY,0.0155,80328.0201993525,0.4980337252359855,2.169103375206995,entry,0.0,1,324d2aad205a454d,,"{""reason"":""book imbalance 8.35 bid/ask, spread 1.0 ticks -> long"",""leg"":null,""stop"":80233.501824,""size_mult"":1.0}",80310.6,15,long,1,82.67850099244998,-0.2700130899636133,7
daf7d1f32cf2429c,1789903237405,3,S17,ETHUSDT,6e731013aadc496e,BUY,0.496,2571.4803054699587,0.5101816926052398,2.101587240303961,time,-0.6272922390666936,1,e4a14de545944c56,,"{""reason"":""max hold reached"",""fraction"":1.0,""leg"":null,""remaining"":0.0,""r"":-1.0502487682710608}",2570.94,15,short,0,83.44654780764958,0.0,7
3b17ff49889642ee,1789903192294,3,S17,ETHUSDT,6e731013aadc496e,SELL,0.496,2570.215603375066,0.5099307757096132,2.700976016016212,entry,0.0,1,e4a14de545944c56,,"{""reason"":""book imbalance 0.36 bid/ask, spread 1.0 ticks -> short"",""leg"":null,""stop"":2573.3780736,""size_mult"":1.0}",2570.91,15,short,1,84.2396010133544,-0.3444207259671093,7
c248cd3bf6c341d7,1789903174493,3,S17,ETHUSDT,7193fd3f1b1849b5,SELL,0.497,2570.4933461551177,0.5110140772156374,1.5039746891436496,time,0.8891507039828138,1,a47b0dc128c54a1d,,"{""reason"":""max hold reached"",""fraction"":1.0,""leg"":null,""remaining"":0.0,""r"":-0.09767112738378664}",2570.88,15,long,0,85.09395251503113,0.0,7
dc0cdf98594a4b7f,1789903129441,3,S17,ETHUSDT,7193fd3f1b1849b5,BUY,0.497,2568.704310533422,0.5106584169340443,1.0290703050160401,entry,0.0,1,a47b0dc128c54a1d,,"{""reason"":""book imbalance 16.28 bid/ask, spread 1.0 ticks -> long"",""leg"":null,""stop"":2565.9742976,""size_mult"":1.0}",2568.44,15,long,1,84.5844535531533,-0.13136233511065892,7
d0f3f7f44eb04f15,1789903108014,3,S17,ETHUSDT,9496e1ae0d874ebf,SELL,0.507,2568.2386850956555,0.520838805337399,1.0173833145596871,time,-0.6951452638291243,1,d72603b0c68544a6,,"{""reason"":""max hold reached"",""fraction"":1.0,""leg"":null,""remaining"":0.0,""r"":-1.1669121494417443}",2568.5,15,long,0,85.226474305198,0.0,7
1e8f177940974692,1789903062487,3,S17,ETHUSDT,9496e1ae0d874ebf,BUY,0.507,2569.6097802905847,0.5211168634429306,1.8285507624537918,entry,0.0,1,d72603b0c68544a6,,"{""reason"":""book imbalance 6.52 bid/ask, spread 2.0 ticks -> long"",""leg"":null,""stop"":2566.6736256,""size_mult"":1.0}",2569.14,15,long,1,86.20427976703802,-0.23817860732650478,7
8c26037965704c7a,1789903037187,3,S17,ETHUSDT,93b30e28930a4ca0,SELL,0.516,2569.509328387965,0.5303467253792761,1.4423693403399749,time,-0.4779066349600344,1,4df7b0739c63454d,,"{""reason"":""max hold reached"",""fraction"":1.0,""leg"":null,""remaining"":0.0,""r"":-1.0309190456524193}",2569.88,15,long,0,86.96357523780745,0.0,7
f221ee43a81a4da1,1789902992001,3,S17,ETHUSDT,93b30e28930a4ca0,BUY,0.516,2570.4355040371124,0.5305378880332601,1.655651289732358,entry,0.0,1,4df7b0739c63454d,,"{""reason"":""book imbalance 5.58 bid/ask, spread 1.0 ticks -> long"",""leg"":null,""stop"":2567.5427904000003,""size_mult"":1.0}",2570.01,15,long,1,87.75226851499686,-0.21956008314989778,7
ecbcb215a4bb43cd,1789902979901,3,S17,BTCUSDT,b3395afa753644b3,SELL,0.0168,80310.80116584727,0.5396885838344936,1.1328243875709916,time,-0.4246007116011693,1,a443c787abd14244,,"{""reason"":""max hold reached"",""fraction"":1.0,""leg"":null,""remaining"":0.0,""r"":-0.9577530397016608}",80319.9,15,long,0,88.50236648618002,0.0,7
dbfa0a7a0ae24b0e,1789902934835,3,S17,BTCUSDT,b3395afa753644b3,BUY,0.0168,80336.07501772829,0.5398584241191341,2.0387299415070927,entry,0.0,1,a443c787abd14244,,"{""reason"":""book imbalance 14.59 bid/ask, spread 2.0 ticks -> long"",""leg"":null,""stop"":80242.593088,""size_mult"":1.0}",80319.7,15,long,1,89.19155548378036,-0.27510029783531786,7
1355cf1f95564085,1789902901540,3,S18,SOLUSDT,8ec38305b01c4905,SELL,4.8,107.98355134179349,0.20732841857624348,1.5230239080097039,entry,0.0,1,9c27b6076b84429c,,"{""reason"":""RS leader z=-0.99, BTC trend down -> short"",""leg"":null,""stop"":108.81268842877084,""size_mult"":1.0}",108.0,15,short,1,97.4132740685801,-0.07895355939126603,1
8a944cb71aa041b9,1789902900307,3,S20,SOLUSDT,655ded3e4b5a4cf2,SELL,14.02,107.96956511072268,0.6054933211409328,2.818045303455354,entry,0.0,1,4805b8d63eb7485e,,"{""reason"":""ensemble net -3 of 3 counted votes -> short"",""leg"":null,""stop"":108.08855155522834,""size_mult"":1.0}",108.0,15,short,1,99.91691102513907,-0.4266971476679745,2
445c307bf2ba4551,1789902565850,3,S17,ETHUSDT,672467f7b58447d7,SELL,0.535,2570.517378148292,0.5500907189237346,1.5660613776685859,time,-0.7432960581829684,1,56ef4b14049d437e,,"{""reason"":""max hold reached"",""fraction"":1.0,""leg"":null,""remaining"":0.0,""r"":-1.1821378860758447}",2570.92,15,long,0,90.00651420573482,0.0,7
08363b7518764b13,1789902520538,3,S17,ETHUSDT,672467f7b58447d7,BUY,0.535,2571.9067165748024,0.5503880373470078,1.7372098916653038,entry,0.0,1,56ef4b14049d437e,,"{""reason"":""book imbalance 23.25 bid/ask, spread 1.0 ticks -> long"",""leg"":null,""stop"":2568.9913984,""size_mult"":1.0}",2571.46,15,long,1,91.06090761532224,-0.23899336751928105,7
b74733d8ceba44f5,1789902388473,3,S20,ETHUSDT,e453fa4ba70446f4,BUY,0.349,2572.3155777508164,0.35909525465401393,2.7826168564959346,trail,1.1470735679961126,1,7e9af54d748343e3,,"{""reason"":""trail hit at 2571.6"",""fraction"":1.0,""leg"":null,""remaining"":0.0,""r"":0.4699681815555537}",2571.6,15,short,0,100.94910149394799,0.0,2
e40b08e69f074b95,1789902183095,3,S17,SOLUSDT,c121ce8c40d44eba,SELL,13.11,107.92248315240448,0.5659455016512092,2.549036368274597,time,-1.413079681712162,1,f5f2dc2a9d374b53,,"{""reason"":""max hold reached"",""fraction"":1.0,""leg"":null,""remaining"":0.0,""r"":-1.449556929157957}",107.95,15,long,0,91.85028902018853,0.0,7
225264a5a7114bfc,1789902137999,3,S17,SOLUSDT,c121ce8c40d44eba,BUY,13.11,108.03026955070442,0.5665107335238939,2.8027361763358605,entry,0.0,1,f5f2dc2a9d374b53,,"{""reason"":""book imbalance 5.34 bid/ask, spread 1.0 ticks -> long"",""leg"":null,""stop"":107.89632,""size_mult"":1.0}",108.0,15,long,1,93.43248039381699,-0.39683380973491633,7
1c2adc89854b4beb,1789902109707,3,S17,SOLUSDT,4a4355c6945f4282,SELL,13.4,108.02052872409784,0.5789900339611646,1.802228424857751,time,-1.0416497551411397,1,e43ebc74151a458a,,"{""reason"":""max hold reached"",""fraction"":1.0,""leg"":null,""remaining"":0.0,""r"":-1.2437039160977021}",108.04,15,long,0,94.3958249370758,0.0,7
33baa160bce24175,1789902064219,3,S17,SOLUSDT,4a4355c6945f4282,BUY,13.4,108.09826378045166,0.5794066938632209,2.6153215926415854,entry,0.0,1,e43ebc74151a458a,,"{""reason"":""book imbalance 3.43 bid/ask, spread 1.0 ticks -> long"",""leg"":null,""stop"":107.96625279999999,""size_mult"":1.0}",108.07,15,long,1,95.63773006812576,-0.3787346580523348,7
fc851d320fbf4cfb,1789901928573,3,S17,BTCUSDT,646ad6ac25bc4480,SELL,0.0184,80299.47121267501,0.5910041081252881,1.1989659110854836,time,-0.7536996513380436,1,8f913f5e9b51499d,,"{""reason"":""max hold reached"",""fraction"":1.0,""leg"":null,""remaining"":0.0,""r"":-1.0413799842999378}",80309.1,15,long,0,96.59587142004132,0.0,7
33e59c0cef9941a3,1789901883515,3,S17,BTCUSDT,646ad6ac25bc4480,BUY,0.0184,80340.43315024773,0.5913055879858232,2.979854730687812,entry,0.0,1,8f913f5e9b51499d,,"{""reason"":""book imbalance 3.78 bid/ask, spread 1.0 ticks -> long"",""leg"":null,""stop"":80239.39616,""size_mult"":1.0}",80316.5,15,long,1,97.50020521494645,-0.4403699645582121,7
2e4ed8ca13024fef,1789901858028,3,S17,ETHUSDT,b798b94748f54ebf,SELL,0.583,2570.2842622918342,0.5993902899664558,1.3838488009437073,time,-0.26923096019253395,1,1beca60eeb2c40f2,,"{""reason"":""max hold reached"",""fraction"":1.0,""leg"":null,""remaining"":0.0,""r"":-0.7836934806632351}",2570.64,15,long,0,98.53188076749048,0.0,7
4e0b477a67b94e08,1789901812971,3,S17,ETHUSDT,b798b94748f54ebf,BUY,0.583,2570.7460649679792,0.5994979823505328,2.9029765291015615,entry,0.0,1,1beca60eeb2c40f2,,"{""reason"":""book imbalance 3.62 bid/ask, spread 1.0 ticks -> long"",""leg"":null,""stop"":2567.5328,""size_mult"":1.0}",2570.0,15,long,1,98.96554614131757,-0.43495587633189503,7
ffec9f8f06684d63,1789901807187,3,S17,BTCUSDT,89f512254a7c4035,SELL,0.0142,80294.63320332761,0.45607351659490086,2.473625145196851,time,-0.4485632435868844,1,f8a02a09ef114277,,"{""reason"":""max hold reached"",""fraction"":1.0,""leg"":null,""remaining"":0.0,""r"":-1.1088893684153482}",80314.5,15,long,0,74.72443111992129,0.0,6
4b942f24b829475a,1789901792543,3,S20,ETHUSDT,e453fa4ba70446f4,BUY,0.233,2571.3088906417524,0.23964598860781136,2.0962226949610194,tp,1.0003693896585846,1,7e9af54d748343e3,,"{""reason"":""take-profit"",""fraction"":0.4,""leg"":null,""remaining"":0.349,""r"":0.07978363607964702}",2570.77,15,short,0,101.84760338363692,1.6864802030310333,2
c402f85e1cf04e1d,1789901761797,3,S17,BTCUSDT,89f512254a7c4035,BUY,0.0142,80326.22216414359,0.4562529418923357,1.160672802808306,entry,0.0,1,f8a02a09ef114277,,"{""reason"":""book imbalance 2.85 bid/ask, spread 1.0 ticks -> long"",""leg"":null,""stop"":80239.795776,""size_mult"":1.0}",80316.9,15,long,1,75.496693149264,-0.13237473083905935,6
6e7e71f181b44c85,1789901760473,3,S08,ETHUSDT,70cf6156a3314045,SELL,0.422,2570.579974915827,0.4339138997657916,1.8670318241226713,entry,0.0,1,4ed88654d5ad4bae,,"{""reason"":""ORB short break of 2026-09-20 10:00 range"",""leg"":null,""stop"":2580.0,""size_mult"":1.0}",2571.06,15,short,1,93.72099098158694,-0.20257058552105717,1
00145c4c7fbe43dc,1789901621531,3,S17,BTCUSDT,23024ffdabb44182,SELL,0.0143,80358.42389583583,0.45965018468418095,1.0173510095212819,time,0.10432191916787124,1,152aabf27846458d,,"{""reason"":""max hold reached"",""fraction"":1.0,""leg"":null,""remaining"":0.0,""r"":-0.6197678013399055}",80366.6,15,long,0,76.0853208219954,0.0,6
3ce96e7030e94961,1789901576454,3,S17,BTCUSDT,23024ffdabb44182,BUY,0.0143,80351.12865673318,0.4596084559165139,1.84582271441333,entry,0.0,1,152aabf27846458d,,"{""reason"":""book imbalance 2.12 bid/ask, spread 1.0 ticks -> long"",""leg"":null,""stop"":80259.177152,""size_mult"":1.0}",80336.3,15,long,1,76.22859929622723,-0.21204979128449633,6
27ebde4ecd884893,1789900997187,3,S17,SOLUSDT,709457832bd74c7f,BUY,10.89,108.0527853966297,0.47067793318771906,2.1091730657868153,time,-0.6092682116511876,1,1a1d918cc82c4a5b,,"{""reason"":""max hold reached"",""fraction"":1.0,""leg"":null,""remaining"":0.0,""r"":-1.122228341097076}",108.03,15,short,0,76.90025754342824,0.0,6
e7ade8a2343746e6,1789900951799,3,S17,SOLUSDT,709457832bd74c7f,SELL,10.89,107.99683790244686,0.47043422590305856,2.1442415805541266,entry,0.0,1,1a1d918cc82c4a5b,,"{""reason"":""book imbalance 0.26 bid/ask, spread 1.0 ticks -> short"",""leg"":null,""stop"":108.12369919999999,""size_mult"":1.0}",108.02,15,short,1,77.72796844591345,-0.2522352423536937,6
777f4a5f1fa943ce,1789900800733,3,S07,SOLUSDT,7beac17fd2f44a79,SELL,13.05,108.00808940034901,0.5638022266698218,1.1026291104418133,entry,0.0,1,e591dbd872464db6,,"{""reason"":""MACD(6,13,4) hist zero-cross short, accelerating"",""leg"":null,""stop"":108.29499964240452,""size_mult"":1.0}",108.02,15,short,1,93.32015899274205,-0.15543332544540292,1
59db3db7d72a45e7,1789900783937,3,S17,SOLUSDT,258f507d63704184,BUY,10.99,108.0114746694823,0.47481844264704426,2.9148610374427397,time,0.18161587176446858,1,d469bb169de14cbd,,"{""reason"":""max hold reached"",""fraction"":1.0,""leg"":null,""remaining"":0.0,""r"":-0.6039693750925489}",107.98,15,short,0,78.4506379141702,0.0,6
69d8a74d35b4474b,1789900738853,3,S17,SOLUSDT,258f507d63704184,SELL,10.99,108.02800022651273,0.47489108899574994,1.1106787752012084,entry,0.0,1,d469bb169de14cbd,,"{""reason"":""book imbalance 0.48 bid/ask, spread 1.0 ticks -> short"",""leg"":null,""stop"":108.14371840000001,""size_mult"":1.0}",108.04,15,short,1,78.61196297442761,-0.131877510625157,6
cf366655eee24b6c,1789900580060,3,S17,ETHUSDT,41cf1341a5c64109,BUY,0.461,2573.8578025911884,0.4746193787978152,1.0794402784768988,time,0.855789169193432,1,eaf25c0bfbf74622,,"{""reason"":""max hold reached"",""fraction"":1.0,""leg"":null,""remaining"":0.0,""r"":-0.06629126509739898}",2573.58,15,short,0,79.21873157404853,0.0,6
de64aea308934df9,1789900534430,3,S17,ETHUSDT,41cf1341a5c64109,SELL,0.461,2575.714178229352,0.4749616944654926,2.3126943987638438,entry,0.0,1,eaf25c0bfbf74622,,"{""reason"":""book imbalance 0.38 bid/ask, spread 1.0 ticks -> short"",""leg"":null,""stop"":2578.7832576,""size_mult"":1.0}",2576.31,15,short,1,78.5628879473842,-0.27467383626870245,6
949cbb8748ef4c42,1789900534179,3,S17,ETHUSDT,970fa8fbd209432e,BUY,0.47,2576.769777183431,0.484432718110485,1.7846345487587996,time,-0.494836238864591,1,0bb4855e18ce4449,,"{""reason"":""max hold reached"",""fraction"":1.0,""leg"":null,""remaining"":0.0,""r"":-1.0154955171214757}",2576.31,15,short,0,79.3125234781184,0.0,6
246eddb6cf4640f8,1789900500645,3,S20,ETHUSDT,e453fa4ba70446f4,SELL,0.582,2575.6023214986562,0.5996002204448871,2.746868588577355,entry,0.0,1,7e9af54d748343e3,,"{""reason"":""ensemble net -3 of 3 counted votes -> short"",""leg"":null,""stop"":2579.072255516889,""size_mult"":1.0}",2576.31,15,short,1,98.98853089177308,-0.41186888778203773,2
098fce47179f4981,1789900500514,3,S20,SOLUSDT,a0153a07af44400b,BUY,10.46,108.21820671435252,0.45278497689285097,2.6071461643882428,halt,-0.5015691656755917,1,d4905c7427a042a9,,"{""reason"":""strategy halt -25%"",""fraction"":1.0,""leg"":null,""remaining"":0.0,""r"":-0.6412877613565773}",108.19,15,short,0,74.06162142864765,0.0,1
3e873178c54d4212,1789900500513,3,S20,SOLUSDT,a0153a07af44400b,SELL,10.46,108.17025555128602,0.45258434922658075,1.8249790843856926,entry,0.0,1,d4905c7427a042a9,,"{""reason"":""ensemble net -4 of 4 counted votes -> short"",""leg"":null,""stop"":108.38,""size_mult"":1.0}",108.19,15,short,1,74.80944863766788,-0.20652693354822108,1
3aad8d83403f4c44,1789900489096,3,S17,ETHUSDT,970fa8fbd209432e,SELL,0.47,2575.716934122017,0.4842347836149392,2.301997344973712,entry,0.0,1,0bb4855e18ce4449,,"{""reason"":""book imbalance 0.07 bid/ask, spread 1.0 ticks -> short"",""leg"":null,""stop"":2578.7832576,""size_mult"":1.0}",2576.31,15,short,1,80.01305147244146,-0.27874096265201387,6
c47febb664244fa6,1789900488873,3,S17,ETHUSDT,84ec3865866d4fcb,BUY,0.478,2576.7596197671996,0.49267643929948857,1.745208329742178,time,-0.4882162287214296,1,86fae97a6f5a4e5c,,"{""reason"":""max hold reached"",""fraction"":1.0,""leg"":null,""remaining"":0.0,""r"":-1.0089530383485714}",2576.31,15,short,0,80.7760272187084,0.0,6
fd981c3d8d054800,1789900443746,3,S17,ETHUSDT,84ec3865866d4fcb,SELL,0.478,2575.7382469037657,0.492481152808,2.258077786278415,entry,0.0,1,86fae97a6f5a4e5c,,"{""reason"":""book imbalance 0.04 bid/ask, spread 1.0 ticks -> short"",""leg"":null,""stop"":2578.7932672,""size_mult"":1.0}",2576.32,15,short,1,81.47884190672924,-0.27807798000008094,6
ae64f5e2d17c4fe9,1789900442590,3,S17,ETHUSDT,1e7c7abd2a934037,BUY,0.486,2576.683551314458,0.5009072823755306,1.4111263913546839,time,-0.36740404607805793,1,a201de8d1d6d4261,,"{""reason"":""max hold reached"",""fraction"":1.0,""leg"":null,""remaining"":0.0,""r"":-0.9864614341293694}",2576.32,15,short,0,82.24940103953733,0.0,6
a336f4015bed49f6,1789900397421,3,S17,ETHUSDT,1e7c7abd2a934037,SELL,0.486,2575.927575911005,0.5007603207570994,1.484386929348269,entry,0.0,1,a201de8d1d6d4261,,"{""reason"":""book imbalance 0.31 bid/ask, spread 1.0 ticks -> short"",""leg"":null,""stop"":2578.7832576,""size_mult"":1.0}",2576.31,15,short,1,82.93185426073941,-0.1858581072515053,6
3afe862896114fd2,1789900396996,3,S17,ETHUSDT,ac9cbadd054d40b8,BUY,0.495,2576.972278584653,0.5102405111597613,2.5706478826434367,time,-0.4973105658294594,1,f273f6080b2e4916,,"{""reason"":""max hold reached"",""fraction"":1.0,""leg"":null,""remaining"":0.0,""r"":-1.0888594898216624}",2576.31,15,short,0,83.61847268874803,0.0,6
caaa1c090ddc406a,1789900351634,3,S17,ETHUSDT,ac9cbadd054d40b8,SELL,0.495,2575.9676107748965,0.5100415869334295,1.3289907856731022,entry,0.0,1,f273f6080b2e4916,,"{""reason"":""book imbalance 0.16 bid/ask, spread 1.0 ticks -> short"",""leg"":null,""stop"":2578.7832576,""size_mult"":1.0}",2576.31,15,short,1,84.456541099311,-0.16948266642622684,6
50ab828d64364a93,1789900350241,3,S17,ETHUSDT,cc1f7ee3cdd1439c,BUY,0.505,2576.876934903058,0.5205291408504178,2.2005694309232853,time,-0.6572452024417202,1,9ceabc561ddb40cd,,"{""reason"":""max hold reached"",""fraction"":1.0,""leg"":null,""remaining"":0.0,""r"":-1.0482132117019518}",2576.31,15,short,0,85.13606535267067,0.0,6
df33bd15b6ab4689,1789900320296,3,S19,SOLUSDT,6e21a31bad2d4c59,SELL,9.15,108.00677052995724,0.3953047801396435,1.2247241291205613,entry,0.0,1,77c1c239484a4437,,"{""reason"":""vol burst 3.0x ATR on 4.7x vol -> short"",""leg"":null,""stop"":108.38,""size_mult"":1.0}",108.02,15,short,1,81.90805970138186,-0.12104965089124775,1
045061dadf5a4597,1789900305237,3,S17,ETHUSDT,cc1f7ee3cdd1439c,SELL,0.505,2575.5754592546587,0.5202662427694411,2.851134938503243,entry,0.0,1,9ceabc561ddb40cd,,"{""reason"":""book imbalance 0.46 bid/ask, spread 1.0 ticks -> short"",""leg"":null,""stop"":2578.7832576,""size_mult"":1.0}",2576.31,15,short,1,85.94289661956546,-0.37094307639735236,6
9d566d6b4d5d4c31,1789900304963,3,S17,ETHUSDT,d350dfdca73443f8,BUY,0.515,2577.0361164825654,0.5308694399954085,2.818435990099606,time,-0.6977577924196453,1,e5911174c4bd4b76,,"{""reason"":""max hold reached"",""fraction"":1.0,""leg"":null,""remaining"":0.0,""r"":-1.0976652485301293}",2576.31,15,short,0,86.83410593873225,0.0,6
90f273124d424472,1789900265441,3,S19,SOLUSDT,bc528a8336884e2b,SELL,12.1,107.94037285156236,0.5224314046015619,2.7440167118307275,stop,-3.8400708280493743,1,b7ccf6d2dafc4cbe,,"{""reason"":""stop hit at 107.97"",""fraction"":1.0,""leg"":null,""remaining"":0.0,""r"":-1.4035197791348355}",107.97,15,long,0,82.42441413241276,0.0,1
3c13c4b289544faa,1789900261549,3,S19,SOLUSDT,bc528a8336884e2b,BUY,12.1,108.25773407702098,0.5239674329327816,2.56251289115475,entry,0.0,1,b7ccf6d2dafc4cbe,,"{""reason"":""vol burst 2.9x ATR on 6.1x vol -> long"",""leg"":null,""stop"":107.97,""size_mult"":1.0}",108.23,15,long,1,86.45133403310984,-0.33558233195386294,1
04587152a4a34f72,1789900259879,3,S17,ETHUSDT,d350dfdca73443f8,SELL,0.515,2575.6812469827214,0.5305903368784407,2.4793232877856797,entry,0.0,1,e5911174c4bd4b76,,"{""reason"":""book imbalance 0.37 bid/ask, spread 1.0 ticks -> short"",""leg"":null,""stop"":2578.7932672,""size_mult"":1.0}",2576.32,15,short,1,87.73377536724874,-0.328957803898561,6
d71ee01616b8496c,1789900045869,3,S17,ETHUSDT,9d3b88bf4b414466,BUY,0.526,2574.800596644587,0.5417380455340212,2.9548750003376574,time,-0.6821772589421162,1,396bde8a49f34d95,,"{""reason"":""max hold reached"",""fraction"":1.0,""leg"":null,""remaining"":0.0,""r"":-1.0629274410160288}",2574.04,15,short,0,88.59332350802573,0.0,6
e791921ac6a240fd,1789900000724,3,S17,ETHUSDT,9d3b88bf4b414466,SELL,0.526,2573.5036817036325,0.5414651746304443,2.6661524454976275,entry,0.0,1,396bde8a49f34d95,,"{""reason"":""book imbalance 0.45 bid/ask, spread 1.0 ticks -> short"",""leg"":null,""stop"":2576.6612224,""size_mult"":1.0}",2574.19,15,short,1,89.45623538861255,-0.36100342388931406,6
4777eb519358407e,1789899900762,3,S01,SOLUSDT,ef62a85367204c8e,SELL,6.2,108.05599791580066,0.26797887483118565,1.2956495048888563,entry,0.0,1,f5679374d545472c,,"{""reason"":""EMA5/13 cross short"",""leg"":null,""stop"":108.62736893397546,""size_mult"":1.0}",108.07,15,short,1,86.0961875390301,-0.0868129220358668,1
6db496b0affa4cc7,1789899900515,3,S20,BTCUSDT,484691a9c0d84ddd,BUY,0.0143,80345.77345521643,0.459577824163838,2.349580926991742,vote_flip,-0.2498105038786598,1,bb79330f7cf846e8,,"{""reason"":""vote_flip"",""fraction"":1.0,""leg"":null,""remaining"":0.0,""r"":-0.7418432426744239}",80326.9,15,short,0,75.46855992044269,0.0,1
dd6f4f243ba24203,1789899754398,3,S17,ETHUSDT,69ac4c06ecfe4d27,SELL,0.536,2573.2527546703523,0.5517053906013236,2.0485252416601876,time,-0.5324596436635657,1,bfb138d24c4f4cc4,,"{""reason"":""max hold reached"",""fraction"":1.0,""leg"":null,""remaining"":0.0,""r"":-0.9888429682275937}",2573.78,15,long,0,90.35870398713232,0.0,6
24e0b79c3e6042c3,1789899727864,3,S19,SOLUSDT,8601f4ac678a48e1,SELL,8.99,107.94514139336361,0.3881707284505356,2.3023623818082584,stop,-4.141912613952866,1,879213942aa0464c,,"{""reason"":""stop hit at 107.97"",""fraction"":1.0,""leg"":null,""remaining"":0.0,""r"":-1.2555809698426064}",107.97,15,long,0,87.31088379799648,0.0,1
13a9854f89b748b2,1789899720409,3,S19,SOLUSDT,8601f4ac678a48e1,BUY,8.99,108.40586582205692,0.38982749349611673,2.386586275782922,entry,0.0,1,879213942aa0464c,,"{""reason"":""vol burst 2.5x ATR on 2.6x vol -> long"",""leg"":null,""stop"":107.97,""size_mult"":1.0}",108.38,15,long,1,91.6084334001081,-0.23253374029178972,1
4a43442d34624687,1789899720190,3,S19,BTCUSDT,7e494399bcb543d9,SELL,0.0175,80309.53468381762,0.5621667427867234,2.1618307419268907,time,-0.7773717726942414,1,204c352f2b0043b7,,"{""reason"":""max hold reached"",""fraction"":1.0,""leg"":null,""remaining"":0.0,""r"":-0.9037944509842316}",80326.9,15,long,0,92.230794633896,0.0,1
d325219e939845d9,1789899709331,3,S17,ETHUSDT,69ac4c06ecfe4d27,BUY,0.536,2574.2461495279335,0.551918374458789,2.3940874482105317,entry,0.0,1,bfb138d24c4f4cc4,,"{""reason"":""book imbalance 5.69 bid/ask, spread 1.0 ticks -> long"",""leg"":null,""stop"":2571.1593152,""size_mult"":1.0}",2573.63,15,long,1,91.1126128744249,-0.3302561469723187,6
c467be47f25f4639,1789899709160,3,S17,ETHUSDT,69bdbd24459f4d8f,SELL,0.546,2572.8875521066007,0.5619186413800816,2.884827630231768,time,-0.6089823367698018,1,9b527c4bc231430c,,"{""reason"":""max hold reached"",""fraction"":1.0,""leg"":null,""remaining"":0.0,""r"":-1.1045908340557773}",2573.63,15,long,0,91.99478739585601,0.0,6
a0084e0dc4f34685,1789899664147,3,S17,ETHUSDT,69bdbd24459f4d8f,BUY,0.546,2574.002904371747,0.5621622343147896,1.5655283328668577,entry,0.0,1,9b527c4bc231430c,,"{""reason"":""book imbalance 5.07 bid/ask, spread 1.0 ticks -> long"",""leg"":null,""stop"":2571.129344,""size_mult"":1.0}",2573.6,15,long,1,92.94570258703207,-0.2199857869738071,6
65e8b1d25a9e483f,1789899606744,3,S17,ETHUSDT,b81d2f0ef8094ef6,SELL,0.556,2574.584491375019,0.5725875908818042,1.3806481897881153,time,-0.7618792587392637,1,1fdfae8429064e49,,"{""reason"":""max hold reached"",""fraction"":1.0,""leg"":null,""remaining"":0.0,""r"":-1.1600393918764196}",2574.94,15,long,0,93.72785060832068,0.0,6
f844341256a34308,1789899561705,3,S17,ETHUSDT,b81d2f0ef8094ef6,BUY,0.556,2575.9547778116003,0.5728923425853,1.882288714684037,entry,0.0,1,1fdfae8429064e49,,"{""reason"":""book imbalance 3.25 bid/ask, spread 1.0 ticks -> long"",""leg"":null,""stop"":2572.9975488,""size_mult"":1.0}",2575.47,15,long,1,94.7927809946919,-0.2695364632498513,6
c8ed4327477c4268,1789899547719,3,S17,ETHUSDT,fce3df0eb6bb48db,SELL,0.566,2575.17042686787,0.5830185846428857,1.1631784960792773,time,-0.5039693788721833,1,9c111acf781d435e,,"{""reason"":""max hold reached"",""fraction"":1.0,""leg"":null,""remaining"":0.0,""r"":-0.9760449033491957}",2575.47,15,long,0,95.63520980052705,0.0,6
879b2f79b44047ed,1789899502571,3,S17,ETHUSDT,fce3df0eb6bb48db,BUY,0.566,2576.060832130895,0.5832201723944346,2.1387303131998294,entry,0.0,1,9c111acf781d435e,,"{""reason"":""book imbalance 15.16 bid/ask, spread 1.0 ticks -> long"",""leg"":null,""stop"":2573.0375104000004,""size_mult"":1.0}",2575.51,15,long,1,96.41042677795564,-0.3117709860864752,6
1dd7b25a91914dfc,1789899469691,3,S17,ETHUSDT,0e80982916634f7c,SELL,0.581,2575.7594352561296,0.5986064927535245,1.8653725734800375,time,-1.4967703699084407,1,c1357478c7304f40,,"{""reason"":""max hold reached"",""fraction"":1.0,""leg"":null,""remaining"":0.0,""r"":-1.54577507512419}",2576.24,15,long,0,97.30541793643654,0.0,6
12bc9922d6624655,1789899424649,3,S17,ETHUSDT,0e80982916634f7c,BUY,0.581,2578.33563210623,0.5992052009014879,2.0390645789651964,entry,0.0,1,c1357478c7304f40,,"{""reason"":""book imbalance 4.16 bid/ask, spread 2.0 ticks -> long"",""leg"":null,""stop"":2575.3353024,""size_mult"":1.0}",2577.81,15,long,1,99.09540254537876,-0.30539225371974904,6
ad9a9efc9a034deb,1789899423351,3,S17,SOLUSDT,cac4ebfe6db84bd8,BUY,10.67,108.40854607729419,0.4626876746578916,2.6338879215905617,stop,-2.573646483918038,1,ea1834beade64f01,,"{""reason"":""stop hit at 108.284"",""fraction"":1.0,""leg"":null,""remaining"":0.0,""r"":-2.813770106194436}",108.38,15,short,0,73.50387681442228,0.0,5
73f08d4b7e18490b,1789899419833,3,S17,SOLUSDT,cac4ebfe6db84bd8,SELL,10.67,108.16734209567113,0.4616582160643244,1.1700780485190518,entry,0.0,1,ea1834beade64f01,,"{""reason"":""book imbalance 0.22 bid/ask, spread 1.0 ticks -> short"",""leg"":null,""stop"":108.2838528,""size_mult"":1.0}",108.18,15,short,1,76.40515113380913,-0.13505983918910375,5
68ea29961d64498e,1789899300820,3,S20,BTCUSDT,484691a9c0d84ddd,SELL,0.0143,80328.30418921093,0.4594778999622866,1.518015296029967,entry,0.0,1,bb79330f7cf846e8,,"{""reason"":""ensemble net -3 of 3 counted votes -> short"",""leg"":null,""stop"":80438.48770556756,""size_mult"":1.0}",80340.5,15,short,1,76.00354815420151,-0.17440009428366904,1
4c6f736cb7254033,1789899251433,3,S09,SOLUSDT,0ab98ba57e5a47a7,BUY,11.42,108.40382307658749,0.4951886638138516,2.1981063468797237,stop,-4.80834610127847,1,11183fc538f941be,,"{""reason"":""stop hit at 108.196"",""fraction"":1.0,""leg"":null,""remaining"":0.0,""r"":-2.3838136960661815}",108.38,15,short,0,76.44493556376065,0.0,1
231297ac69a54e82,1789899251428,3,S20,SOLUSDT,3b2ac9440c1d48d8,BUY,10.04,108.3999727262159,0.4353342904684831,1.8428424262686314,be,-1.5159648898858078,1,8960ae957a9a42f8,,"{""reason"":""be hit at 108.184"",""fraction"":1.0,""leg"":null,""remaining"":0.0,""r"":-0.7081643750827655}",108.38,15,short,0,76.63742614844747,0.0,1
8f0b1f87c6394c7d,1789899228530,3,S17,BTCUSDT,2b3c80d51bbd4941,SELL,0.0146,80319.09683155325,0.469063525496271,1.3448502297091616,time,-0.5545276195675076,1,4b4ec2d87dd74678,,"{""reason"":""max hold reached"",""fraction"":1.0,""leg"":null,""remaining"":0.0,""r"":-1.050874954595816}",80329.9,15,long,0,77.00186918906255,0.0,5
741a9199d4b94c0a,1789899183475,3,S17,BTCUSDT,2b3c80d51bbd4941,BUY,0.0146,80357.07817535925,0.46928533654409804,2.5116945462479547,entry,0.0,1,4b4ec2d87dd74678,,"{""reason"":""book imbalance 2.21 bid/ask, spread 1.0 ticks -> long"",""leg"":null,""stop"":80259.77657599999,""size_mult"":1.0}",80336.9,15,long,1,77.73085897388125,-0.2946013602450694,5
1bf902a672474bb5,1789899135491,3,S17,BTCUSDT,6a3c7ca3c8404aa2,SELL,0.0149,80321.03477548466,0.47871336726188857,2.3481762505724606,time,-0.6107744385637066,1,fd86a378b5ec4544,,"{""reason"":""max hold reached"",""fraction"":1.0,""leg"":null,""remaining"":0.0,""r"":-1.231658437332935}",80339.9,15,long,0,78.49474567067043,0.0,5
4f15950711074427,1789899121545,3,S09,SOLUSDT,0ab98ba57e5a47a7,SELL,11.42,107.98277700817431,0.4932653253733403,2.520414019599588,entry,0.0,1,11183fc538f941be,,"{""reason"":""ATR expansion x1.82 short break of 12-bar range"",""leg"":null,""stop"":108.19571340890258,""size_mult"":1.0}",108.01,15,short,1,81.43758376220354,-0.3108865666494418,1
0a8d045f8a294275,1789899090386,3,S17,BTCUSDT,6a3c7ca3c8404aa2,BUY,0.0149,80362.02634854263,0.4789576770373141,1.0362122145751973,entry,0.0,1,fd86a378b5ec4544,,"{""reason"":""book imbalance 6.84 bid/ask, spread 1.0 ticks -> long"",""leg"":null,""stop"":80276.560448,""size_mult"":1.0}",80353.7,15,long,1,79.46017088321085,-0.12406259328516753,5
f7b1de8ebabb44ce,1789899088474,3,S17,BTCUSDT,4baa6e68991e4314,SELL,0.0152,80336.26936789032,0.4884445177567731,2.1567959754999784,time,-0.43145652520089645,1,9e21784822a14fc4,,"{""reason"":""max hold reached"",""fraction"":1.0,""leg"":null,""remaining"":0.0,""r"":-0.9505614534998804}",80353.6,15,long,0,80.06319115353334,0.0,5
1d9d0ccc41974937,1789899080062,3,S09,SOLUSDT,5ea7462998794881,BUY,11.91,108.22234621620133,0.5155712573739832,2.065269519531944,stop,-2.5581041370712354,1,d2db1c538c62413e,,"{""reason"":""stop hit at 108.199"",""fraction"":1.0,""leg"":null,""remaining"":0.0,""r"":-1.5762884680309561}",108.2,15,short,0,82.24173565422632,0.0,1
be6cf25d50894d23,1789899060185,3,S09,SOLUSDT,5ea7462998794881,SELL,11.91,108.00755997463364,0.5145480157191548,2.0772031256469274,entry,0.0,1,d2db1c538c62413e,,"{""reason"":""ATR expansion x1.72 short break of 12-bar range"",""leg"":null,""stop"":108.19869136343354,""size_mult"":1.0}",108.03,15,short,1,85.04815034655813,-0.26726070211340214,1
e8d8a704dec342ea,1789899043301,3,S17,BTCUSDT,4baa6e68991e4314,BUY,0.0152,80364.6546656009,0.48861710036685346,2.5334299509626406,entry,0.0,1,9e21784822a14fc4,,"{""reason"":""book imbalance 66.55 bid/ask, spread 1.0 ticks -> long"",""leg"":null,""stop"":80267.16947200001,""size_mult"":1.0}",80344.3,15,long,1,80.67370127935736,-0.30939091713365635,5
7406737e0a104205,1789899039916,3,S17,BTCUSDT,2df35dd9ef7141cc,SELL,0.0154,80334.64211079304,0.49486139540248514,1.2020627732116183,time,-0.40782206449386144,1,1c252ace06d24a58,,"{""reason"":""max hold reached"",""fraction"":1.0,""leg"":null,""remaining"":0.0,""r"":-0.9660013173557516}",80344.3,15,long,0,81.47170929685787,0.0,5
cd60857112fe4b44,1789898994895,3,S17,BTCUSDT,2df35dd9ef7141cc,BUY,0.0154,80361.1240630329,0.4950245242282827,2.093995844495483,entry,0.0,1,1c252ace06d24a58,,"{""reason"":""book imbalance 54.73 bid/ask, spread 1.0 ticks -> long"",""leg"":null,""stop"":80267.16947200001,""size_mult"":1.0}",80344.3,15,long,1,82.11530218604763,-0.25909057070657726,5
6fff2da1e2934d51,1789898907042,3,S17,BTCUSDT,b074492297f644c4,BUY,0.0156,80369.95744550014,0.5015085344599209,1.5004679689423956,time,-0.1841846809407114,1,78958618cdb14b42,,"{""reason"":""max hold reached"",""fraction"":1.0,""leg"":null,""remaining"":0.0,""r"":-0.8637326157350711}",80357.9,15,short,0,82.86941728098249,0.0,5
9d765ceb17a445d9,1789898861508,3,S17,BTCUSDT,b074492297f644c4,SELL,0.0156,80358.15073518343,0.5014348605875446,1.3623724561512736,entry,0.0,1,78958618cdb14b42,,"{""reason"":""book imbalance 0.42 bid/ask, spread 2.0 ticks -> short"",""leg"":null,""stop"":80446.25433600001,""size_mult"":1.0}",80369.1,15,short,1,83.38430196524453,-0.1708085311385861,5
0db4b53e3186491c,1789898805744,3,S09,SOLUSDT,cf65f7d933b04469,BUY,12.03,108.41175273363771,0.5216773541542647,2.9297595163062526,trail,-0.14001905046157276,1,10e2ace100ab47fa,,"{""reason"":""trail hit at 108.315"",""fraction"":1.0,""leg"":null,""remaining"":0.0,""r"":-0.6039044249605366}",108.38,15,short,0,85.82995906439069,0.0,1
208f71ccb8c14137,1789898738291,3,S17,BTCUSDT,73f0aa607e7a4ba8,SELL,0.0159,80446.52091366219,0.5116398730108915,2.3835107800978026,time,-0.47199802115928324,1,23b9f649c43f4423,,"{""reason"":""max hold reached"",""fraction"":1.0,""leg"":null,""remaining"":0.0,""r"":-0.9671983287342667}",80465.7,15,long,0,84.05654535697067,0.0,5
b4ea19e3ac5c4a16,1789898693188,3,S17,BTCUSDT,73f0aa607e7a4ba8,BUY,0.0159,80476.20632379799,0.5118286722193552,2.4866105779270287,entry,0.0,1,23b9f649c43f4423,,"{""reason"":""book imbalance 9.32 bid/ask, spread 1.0 ticks -> long"",""leg"":null,""stop"":80378.962048,""size_mult"":1.0}",80456.2,15,long,1,84.72208270275277,-0.3181005483880741,5
4214d66caf9c41df,1789898541480,3,S17,SOLUSDT,2e14ffb71d824063,BUY,12.03,108.3745035181586,0.5214981109293791,2.261515289213247,time,-0.37417854614436064,1,fa7f09f597a246e9,,"{""reason"":""max hold reached"",""fraction"":1.0,""leg"":null,""remaining"":0.0,""r"":-0.9016766216027046}",108.35,15,short,0,85.5520119233602,0.0,5
f2a37bb7ed8f435c,1789898496343,3,S17,SOLUSDT,2e14ffb71d824063,SELL,12.03,108.34339973211169,0.5213484395109215,2.4545785631005304,entry,0.0,1,fa7f09f597a246e9,,"{""reason"":""book imbalance 0.45 bid/ask, spread 1.0 ticks -> short"",""leg"":null,""stop"":108.4740352,""size_mult"":1.0}",108.37,15,short,1,86.12768735773754,-0.3200012226964006,5
5a67ec0541824c14,1789898451179,3,S17,BTCUSDT,c9d71f4077d94953,SELL,0.0164,80439.26241710084,0.5276815614561815,1.2849762956160524,time,-0.3396057576015941,1,5fb1fae6847643a2,,"{""reason"":""max hold reached"",""fraction"":1.0,""leg"":null,""remaining"":0.0,""r"":-0.8524638772791374}",80449.6,15,long,0,86.96903701994486,0.0,5
7e1ad1fef156410b,1789898405976,3,S17,BTCUSDT,c9d71f4077d94953,BUY,0.0164,80459.97008524727,0.5278174037592223,2.8059192921783156,entry,0.0,1,5fb1fae6847643a2,,"{""reason"":""book imbalance 9.47 bid/ask, spread 1.0 ticks -> long"",""leg"":null,""stop"":80360.180096,""size_mult"":1.0}",80437.4,15,long,1,87.46617494094724,-0.37014939805539326,5
f6b8a452792d4ceb,1789898405968,3,S17,ETHUSDT,3e5b8e3edc2a4130,SELL,0.522,2578.573483223065,0.538406143296976,1.3436507411433125,time,-0.45926941492699824,1,927cc7490d1b4300,,"{""reason"":""max hold reached"",""fraction"":1.0,""leg"":null,""remaining"":0.0,""r"":-0.9287195143391059}",2578.92,15,long,0,88.36414174276186,0.0,5
772dcb88d1ad4191,1789898400576,3,S20,SOLUSDT,3b2ac9440c1d48d8,SELL,10.04,108.24898020730298,0.4347279045125288,1.9414235427186362,entry,0.0,1,8960ae957a9a42f8,,"{""reason"":""ensemble net -3 of 3 counted votes -> short"",""leg"":null,""stop"":108.58456910226619,""size_mult"":1.0}",108.27,15,short,1,78.37768661012369,-0.21103871867806218,1
4792a34cd6494c2c,1789898400571,3,S06,SOLUSDT,0d2a233a21aa4c9e,SELL,8.71,108.23967875767278,0.377107040791732,2.8005211348681742,entry,0.0,1,c3c547d923c94c4b,,"{""reason"":""5m supertrend flip short, 15m agrees"",""leg"":null,""stop"":108.7132508896269,""size_mult"":1.0}",108.27,15,short,1,95.95501004916149,-0.26409802067007365,1
c3e8d70ad7e14a5a,1789898360768,3,S17,ETHUSDT,3e5b8e3edc2a4130,BUY,0.522,2579.4533096884425,0.5385898510629468,2.688539020468225,entry,0.0,1,927cc7490d1b4300,,"{""reason"":""book imbalance 14.34 bid/ask, spread 1.0 ticks -> long"",""leg"":null,""stop"":2576.2843904,""size_mult"":1.0}",2578.76,15,long,1,88.99990964361896,-0.3619076573668499,5
3693697a2b524bc1,1789898351189,3,S17,BTCUSDT,fe07d5fa024e42ed,SELL,0.017,80433.18277871901,0.5469456428952894,1.2079650635395922,time,-0.4131843194264657,1,5f33adeeb2d14f85,,"{""reason"":""max hold reached"",""fraction"":1.0,""leg"":null,""remaining"":0.0,""r"":-1.0331226884287277}",80442.9,15,long,0,89.90040715204877,0.0,5
0b252b42fbf448a9,1789898305766,3,S17,BTCUSDT,fe07d5fa024e42ed,BUY,0.017,80457.48773868527,0.5471109166230599,1.067477452803314,entry,0.0,1,5f33adeeb2d14f85,,"{""reason"":""book imbalance 5.98 bid/ask, spread 1.0 ticks -> long"",""leg"":null,""stop"":80371.669056,""size_mult"":1.0}",80448.9,15,long,1,90.71454555672075,-0.1459915576497733,5
c180e980e63740c2,1789898186851,3,S17,ETHUSDT,fe48009278bb427d,SELL,0.541,2579.4251178044747,0.5581875954928883,2.3832273744803727,time,-0.5836359896448249,1,17c84023af4d4248,,"{""reason"":""max hold reached"",""fraction"":1.0,""leg"":null,""remaining"":0.0,""r"":-1.134197669440967}",2580.04,15,long,0,91.40764803099358,0.0,5
db8908f7dab34944,1789898141777,3,S17,ETHUSDT,fe48009278bb427d,BUY,0.541,2580.503927397164,0.5584210498887463,1.1391607549933336,entry,0.0,1,17c84023af4d4248,,"{""reason"":""book imbalance 3.23 bid/ask, spread 1.0 ticks -> long"",""leg"":null,""stop"":2577.7329984,""size_mult"":1.0}",2580.21,15,long,1,92.3904568942657,-0.15901472186559978,5
1ccaa96b603945ce,1789898095181,3,S17,ETHUSDT,aae18b881787438d,SELL,0.551,2580.1082887374114,0.5686558668377255,1.5179665281475736,time,-0.6955697680517051,1,8e6bed039fdf4f3a,,"{""reason"":""max hold reached"",""fraction"":1.0,""leg"":null,""remaining"":0.0,""r"":-1.1680025656298567}",2580.5,15,long,0,93.10789266602005,0.0,5
13a9601b734244ca,1789898050127,3,S17,ETHUSDT,aae18b881787438d,BUY,0.551,2581.3706658119154,0.5689340947449463,1.4361325529445648,entry,0.0,1,8e6bed039fdf4f3a,,"{""reason"":""book imbalance 24.70 bid/ask, spread 1.0 ticks -> long"",""leg"":null,""stop"":2578.52224,""size_mult"":1.0}",2581.0,15,long,1,94.1678814385441,-0.20423686236537836,5
743ecfdfbb9f424f,1789897970008,3,S17,SOLUSDT,ffda6ad969ea4135,SELL,13.4,108.4016842117916,0.581033027375203,2.611434861975475,time,-0.7755183738629455,1,f6dcba4852804272,,"{""reason"":""max hold reached"",""fraction"":1.0,""leg"":null,""remaining"":0.0,""r"":-1.0820603132780782}",108.43,15,long,0,94.94105239565442,0.0,5
2eac119ee35a432e,1789897924968,3,S17,SOLUSDT,ffda6ad969ea4135,BUY,13.4,108.45955871730376,0.5813432347247481,2.726064493567928,entry,0.0,1,f6dcba4852804272,,"{""reason"":""book imbalance 2.54 bid/ask, spread 1.0 ticks -> long"",""leg"":null,""stop"":108.3259072,""size_mult"":1.0}",108.43,15,long,1,95.90151698502223,-0.39608681187035016,5
619d50e1b1c54d86,1789897924132,3,S17,SOLUSDT,c429cdc5b2a841ae,SELL,13.64,108.40732743984654,0.5914703785118027,1.1688397116268299,time,-0.5523659750874083,1,e7617962f93443fb,,"{""reason"":""max hold reached"",""fraction"":1.0,""leg"":null,""remaining"":0.0,""r"":-1.0436514349139743}",108.42,15,long,0,96.87894703161733,0.0,5
2434113382ec48c2,1789897878749,3,S17,SOLUSDT,c429cdc5b2a841ae,BUY,13.64,108.44782347907582,0.5916913249018377,1.643777467103464,entry,0.0,1,e7617962f93443fb,,"{""reason"":""book imbalance 2.11 bid/ask, spread 1.0 ticks -> long"",""leg"":null,""stop"":108.3259072,""size_mult"":1.0}",108.43,15,long,1,97.77967113062242,-0.24311225459412186,5
6ae58568d37b40f3,1789897860273,3,S09,SOLUSDT,cf65f7d933b04469,SELL,12.03,108.40011357732337,0.5216213465340801,2.7562872522957216,entry,0.0,1,10e2ace100ab47fa,,"{""reason"":""ATR expansion x1.74 short break of 12-bar range"",""leg"":null,""stop"":108.56299349469631,""size_mult"":1.0}",108.43,15,short,1,86.13212180420655,-0.3595336647999764,1
c7431ae78665443e,1789897849106,3,S17,BTCUSDT,ea4d360cfe004879,BUY,0.0186,80470.58642348014,0.5987011629906922,1.0298516796242783,time,-0.18819824319752224,1,16df5f09621f47d3,,"{""reason"":""max hold reached"",""fraction"":1.0,""leg"":null,""remaining"":0.0,""r"":-0.8390010281998489}",80462.3,15,short,0,98.61447471011837,0.0,5
54fcc26c303d4aab,1789897826298,3,S09,SOLUSDT,291cd7be73ea497a,BUY,12.54,108.63225693476485,0.5448994007847805,2.970251819969163,stop,-2.6242465158035753,1,4e10a4a854674ba8,,"{""reason"":""stop hit at 108.563"",""fraction"":1.0,""leg"":null,""remaining"":0.0,""r"":-2.118343185466211}",108.6,15,short,0,87.0132768155406,0.0,1
cfd477b6c64e4b56,1789897803198,3,S17,BTCUSDT,ea4d360cfe004879,SELL,0.0186,80460.468238362,0.5986258836934132,1.4330154138098754,entry,0.0,1,16df5f09621f47d3,,"{""reason"":""book imbalance 0.42 bid/ask, spread 1.0 ticks -> short"",""leg"":null,""stop"":80549.25312,""size_mult"":1.0}",80472.0,15,short,1,99.18688334983969,-0.2144907664668979,5
3767d0ced712461b,1789897801081,3,S09,SOLUSDT,291cd7be73ea497a,SELL,12.54,108.42298687768323,0.5438497021784591,2.4908365437317643,entry,0.0,1,4e10a4a854674ba8,,"{""reason"":""ATR expansion x1.50 short break of 12-bar range"",""leg"":null,""stop"":108.56276222505757,""size_mult"":1.0}",108.45,15,short,1,89.84367817827663,-0.3387445538523431,1
f8e874efef55464a,1789897771060,3,S17,ETHUSDT,6e1c4f340a0448ff,SELL,0.441,2581.6402768813846,0.4554013448418762,1.8191444927421128,time,-0.29865680340474954,1,ff945ac1b3ed4f83,,"{""reason"":""max hold reached"",""fraction"":1.0,""leg"":null,""remaining"":0.0,""r"":-0.8888070291672715}",2582.11,15,long,0,74.86412325829207,0.0,4
59458cd72787401d,1789897768446,3,S01,SOLUSDT,fe9832aa8a334533,BUY,12.68,108.80382045468957,0.5518529773461855,1.2703791423443922,stop,-4.192476877117739,1,21471e1af6224db8,,"{""reason"":""stop hit at 108.585"",""fraction"":1.0,""leg"":null,""remaining"":0.0,""r"":-3.7486684503621666}",108.79,15,short,0,86.45097933589713,0.0,1
5c647102ceb1486f,1789897725362,3,S17,ETHUSDT,6e1c4f340a0448ff,BUY,0.441,2582.31750319296,0.45552080756323815,2.3531039232148565,entry,0.0,1,ff945ac1b3ed4f83,,"{""reason"":""book imbalance 374.18 bid/ask, spread 2.0 ticks -> long"",""leg"":null,""stop"":2579.2315584,""size_mult"":1.0}",2581.71,15,long,1,75.35027249844336,-0.26790890809533313,4
8f8907bf060b468f,1789897681259,3,S01,SOLUSDT,fe9832aa8a334533,SELL,12.68,108.4731834769989,0.5501759865953384,1.5500528160297002,entry,0.0,1,21471e1af6224db8,,"{""reason"":""EMA5/13 cross short"",""leg"":null,""stop"":108.58456910226619,""size_mult"":1.0}",108.49,15,short,1,90.98207567870715,-0.21323351165391044,1
e99fd04599584127,1789897650021,3,S17,ETHUSDT,eea318243cf5437d,BUY,0.448,2582.79078722196,0.4628361090701752,2.016780669565136,time,-0.19419525268703,1,d3daad5d1b534702,,"{""reason"":""max hold reached"",""fraction"":1.0,""leg"":null,""remaining"":0.0,""r"":-0.8005250277648848}",2582.27,15,short,0,76.07370221410193,0.0,4
30c7c213db994aa8,1789897604373,3,S17,ETHUSDT,eea318243cf5437d,SELL,0.448,2582.3573156757834,0.4627584309691004,2.4881313364943427,entry,0.0,1,d3daad5d1b534702,,"{""reason"":""book imbalance 0.38 bid/ask, spread 2.0 ticks -> short"",""leg"":null,""stop"":2585.47968,""size_mult"":1.0}",2583.0,15,short,1,76.4428109986101,-0.28792257724903175,4
15ba3bd0b84a4bb2,1789897412526,3,S17,SOLUSDT,0618060daafa4fc9,BUY,10.77,108.73895481457923,0.4684474173412074,2.6634913604295822,time,0.036509750021477175,1,5d41b7f065d44cff,,"{""reason"":""max hold reached"",""fraction"":1.0,""leg"":null,""remaining"":0.0,""r"":-0.684902985195332}",108.71,15,short,0,77.19349200682824,0.0,4
94e4cdfcd99f4f0b,1789897367430,3,S17,SOLUSDT,0618060daafa4fc9,SELL,10.77,108.74234476351344,0.46846202124121594,1.623320750878507,entry,0.0,1,5d41b7f065d44cff,,"{""reason"":""book imbalance 0.30 bid/ask, spread 2.0 ticks -> short"",""leg"":null,""stop"":108.8644096,""size_mult"":1.0}",108.76,15,short,1,77.43528277718771,-0.1901468969602665,4
35f673e3dd32409f,1789897365929,3,S17,BTCUSDT,3c625351fcca4d2d,BUY,0.0148,80571.34265419205,0.47698234851281696,2.9724924941152953,time,-0.6047148024582479,1,34b0430f391e449c,,"{""reason"":""max hold reached"",""fraction"":1.0,""leg"":null,""remaining"":0.0,""r"":-1.1269102915070472}",80547.4,15,short,0,78.09389169538919,0.0,4
64e3e7e47d1c4fd9,1789897334441,3,S07,ETHUSDT,a5e2d88c36124d4d,SELL,0.528,2584.373512684068,0.5458196858788752,1.2631536191116042,tp,4.382256218079114,1,f3a8563167ca4c0a,,"{""reason"":""take-profit"",""fraction"":1.0,""leg"":null,""remaining"":0.0,""r"":1.843335461224144}",2584.7,15,long,0,94.03939454485727,0.0,1
824be2437c1f4a28,1789897320776,3,S17,BTCUSDT,3c625351fcca4d2d,SELL,0.0148,80530.48354591784,0.4767404625918337,2.0008857086656864,entry,0.0,1,34b0430f391e449c,,"{""reason"":""book imbalance 0.38 bid/ask, spread 2.0 ticks -> short"",""leg"":null,""stop"":80623.924736,""size_mult"":1.0}",80546.6,15,short,1,78.93706532594425,-0.23852352041600972,4
8343b6540ee743cd,1789897319913,3,S17,SOLUSDT,794f923cafc14b0f,BUY,11.31,108.78898741369646,0.49216137905956286,2.665264223652999,time,-1.3677524932081113,1,0a89ff2aae2549c6,,"{""reason"":""max hold reached"",""fraction"":1.0,""leg"":null,""remaining"":0.0,""r"":-1.5254547797356655}",108.76,15,short,0,79.65232930895209,0.0,4
eec7bd2e9bd94081,1789897274837,3,S17,SOLUSDT,794f923cafc14b0f,SELL,11.31,108.6680543904243,0.4916142780622796,2.9388785258236294,entry,0.0,1,0a89ff2aae2549c6,,"{""reason"":""book imbalance 0.38 bid/ask, spread 1.0 ticks -> short"",""leg"":null,""stop"":108.80435200000001,""size_mult"":1.0}",108.7,15,short,1,81.15093833691859,-0.3613048443011724,4
c33ac5197e5a43b9,1789897267488,3,S17,SOLUSDT,47d58859dc7e4666,BUY,11.62,108.70258269654082,0.5052496043735216,2.077907300405971,time,-1.1956571168416035,1,8032bf1bb7724947,,"{""reason"":""max hold reached"",""fraction"":1.0,""leg"":null,""remaining"":0.0,""r"":-1.523548723389306}",108.68,15,short,0,82.00385745928203,0.0,4
156dc63c40ef4830,1789897222382,3,S17,SOLUSDT,47d58859dc7e4666,SELL,11.62,108.59968621488491,0.504771341526785,1.8701698688167459,entry,0.0,1,8032bf1bb7724947,,"{""reason"":""book imbalance 0.27 bid/ask, spread 1.0 ticks -> short"",""leg"":null,""stop"":108.72427520000001,""size_mult"":1.0}",108.62,15,short,1,83.46871799745979,-0.23604618303737765,4
b30284dfa46447ba,1789897210346,3,S17,ETHUSDT,2e459ea9ec51470f,BUY,0.501,2583.83603914274,0.5178007422442051,1.881429704609278,time,-1.0177413153284587,1,5b5cdb9c7b294887,,"{""reason"":""max hold reached"",""fraction"":1.0,""leg"":null,""remaining"":0.0,""r"":-1.4457686909634897}",2583.35,15,short,0,84.20953552202396,0.0,4
d6f137c539bb40b0,1789897166385,3,S08,ETHUSDT,6fc94bd1f0424a06,BUY,0.48,2582.941153062583,0.4959247013880159,2.9477149640333713,stop,-4.652536144808109,1,5bc21961435b4ceb,,"{""reason"":""stop hit at 2582.18"",""fraction"":1.0,""leg"":null,""remaining"":0.0,""r"":-1.316138117075058}",2582.18,15,short,0,94.35747546687378,0.0,1
26d02fd8bb6541d3,1789897165205,3,S17,ETHUSDT,2e459ea9ec51470f,SELL,0.501,2581.804619351665,0.5173936457180738,1.3762921288161565,entry,0.0,1,5b5cdb9c7b294887,,"{""reason"":""book imbalance 0.22 bid/ask, spread 1.0 ticks -> short"",""leg"":null,""stop"":2584.6388736,""size_mult"":1.0}",2582.16,15,short,1,85.56703187478097,-0.17804570481564996,4
0d65086bdb9d4754,1789897136860,3,S17,ETHUSDT,be814ed438ff40ba,BUY,0.511,2582.2598301787493,0.5278139092885363,2.6721343165172105,time,-0.7737400902442824,1,400855cb4d814fba,,"{""reason"":""max hold reached"",""fraction"":1.0,""leg"":null,""remaining"":0.0,""r"":-1.2083001714703228}",2581.57,15,short,0,86.26247122531468,0.0,4
c9856280061c4489,1789897091769,3,S17,ETHUSDT,be814ed438ff40ba,SELL,0.511,2580.74566170469,0.5275044132524387,1.8763856584268248,entry,0.0,1,400855cb4d814fba,,"{""reason"":""book imbalance 0.26 bid/ask, spread 1.0 ticks -> short"",""leg"":null,""stop"":2583.7079808,""size_mult"":1.0}",2581.23,15,short,1,87.31652835594413,-0.24749686890338626,4
db07bec2de2443c8,1789896830792,3,S17,BTCUSDT,3342b7a1eec04a18,SELL,0.0167,80360.94231944588,0.5368110946938985,2.259005208334651,time,-0.3830029152153103,1,d6e824d53e974638,,"{""reason"":""max hold reached"",""fraction"":1.0,""leg"":null,""remaining"":0.0,""r"":-1.017440797281643}",80379.1,15,long,0,88.09152963809994,0.0,4
4c34a2d3c3604a53,1789896785655,3,S17,BTCUSDT,3342b7a1eec04a18,BUY,0.0167,80383.8766257462,0.5369642958599846,1.067072315274167,entry,0.0,1,d6e824d53e974638,,"{""reason"":""book imbalance 6.71 bid/ask, spread 2.0 ticks -> long"",""leg"":null,""stop"":80298.139712,""size_mult"":1.0}",80375.3,15,long,1,88.86811399804769,-0.14322964996145018,4
060fb724c8704b3f,1789896743422,3,S17,BTCUSDT,c1779c2ba02a421d,BUY,0.017,80387.01349808235,0.54663169178696,2.0422266453576308,time,-0.6266676786976314,1,84fc6a055da84ea7,,"{""reason"":""max hold reached"",""fraction"":1.0,""leg"":null,""remaining"":0.0,""r"":-1.0569929576253625}",80370.6,15,short,0,89.54830794386913,0.0,4
b73971f88a2b42c0,1789896698328,3,S17,BTCUSDT,c1779c2ba02a421d,SELL,0.017,80350.15069345308,0.546381024715481,2.30802620260293,entry,0.0,1,84fc6a055da84ea7,,"{""reason"":""book imbalance 0.06 bid/ask, spread 2.0 ticks -> short"",""leg"":null,""stop"":80445.85395199999,""size_mult"":1.0}",80368.7,15,short,1,90.40626910305609,-0.31533821129763967,4
9912ece132c84ff9,1789896528173,3,S17,SOLUSDT,e7f3d71b1f7a4f5b,BUY,12.85,108.39775381528003,0.5571644546105394,1.6381080716027854,time,-0.526211168219973,1,1b96371fcc2a4f00,,"{""reason"":""max hold reached"",""fraction"":1.0,""leg"":null,""remaining"":0.0,""r"":-1.0888875693885107}",108.38,15,short,0,91.26798833906922,0.0,4
c0d0995850d44c1b,1789896483138,3,S17,SOLUSDT,e7f3d71b1f7a4f5b,SELL,12.85,108.35680352981544,0.5569539701432514,1.2177235567554134,entry,0.0,1,1b96371fcc2a4f00,,"{""reason"":""book imbalance 0.48 bid/ask, spread 1.0 ticks -> short"",""leg"":null,""stop"":108.4740352,""size_mult"":1.0}",108.37,15,short,1,92.18178932002803,-0.16957464187169222,4
2a01d0f0472949ac,1789896441679,3,S17,ETHUSDT,2cc7d1ff4c9346f4,BUY,0.548,2579.7691803627686,0.5654854043355189,1.0823083740130524,time,-0.3597761183719504,1,35c650085e594b14,,"{""reason"":""max hold reached"",""fraction"":1.0,""leg"":null,""remaining"":0.0,""r"":-0.8965827854691573}",2579.49,15,short,0,92.90831793204298,0.0,4
5b9a6d4100a94c7f,1789896396270,3,S17,ETHUSDT,2cc7d1ff4c9346f4,SELL,0.548,2579.112654599316,0.5653414938881701,2.1605298378628475,entry,0.0,1,35c650085e594b14,,"{""reason"":""book imbalance 0.13 bid/ask, spread 2.0 ticks -> short"",""leg"":null,""stop"":2582.1464832,""size_mult"":1.0}",2579.67,15,short,1,93.52815417517562,-0.3054252795748162,4
786d157aaf1f4935,1789896344046,3,S17,BTCUSDT,9d415c8e80294fc7,BUY,0.0179,80349.41365355255,0.5753018017594362,1.2339700337391393,time,-0.4746086698476225,1,dec997067ff84ce9,,"{""reason"":""max hold reached"",""fraction"":1.0,""leg"":null,""remaining"":0.0,""r"":-0.9139380131543036}",80339.5,15,short,0,94.3989209486386,0.0,4
88c7582dd7b448ee,1789896298937,3,S17,BTCUSDT,9d415c8e80294fc7,SELL,0.0179,80322.89920272307,0.5751119582914972,2.763179991926978,entry,0.0,1,dec997067ff84ce9,,"{""reason"":""book imbalance 0.09 bid/ask, spread 1.0 ticks -> short"",""leg"":null,""stop"":80422.23129600001,""size_mult"":1.0}",80345.1,15,short,1,95.05143714898853,-0.3973942712571399,4
5a9d45ee34784f45,1789896290125,3,S17,BTCUSDT,1df1c2c3c34942a4,BUY,0.0182,80364.33555182557,0.5850523628172902,2.2322782135311923,time,-0.6235086033745436,1,54c1136771b8408c,,"{""reason"":""max hold reached"",""fraction"":1.0,""leg"":null,""remaining"":0.0,""r"":-1.0704161822965093}",80346.4,15,short,0,96.02394337853717,0.0,4
153eb5e117be4c0f,1789896245123,3,S17,BTCUSDT,1df1c2c3c34942a4,SELL,0.0182,80330.07683735444,0.5848029593759404,1.8573853563455274,entry,0.0,1,54c1136771b8408c,,"{""reason"":""book imbalance 0.09 bid/ask, spread 2.0 ticks -> short"",""leg"":null,""stop"":80422.1312,""size_mult"":1.0}",80345.0,15,short,1,96.96090278457984,-0.2716015601491643,4
2d8c519078654b91,1789896235380,3,S17,ETHUSDT,e257d7233456460a,BUY,0.581,2579.9180010969194,0.5995729434549241,2.5123430153456368,time,-0.9839403851392649,1,2f2e40d20c95416a,,"{""reason"":""max hold reached"",""fraction"":1.0,""leg"":null,""remaining"":0.0,""r"":-1.1626061822287679}",2579.27,15,short,0,97.81730730410494,0.0,4
16123e8816f64ee0,1789896190347,3,S17,ETHUSDT,e257d7233456460a,SELL,0.581,2578.2244720347176,0.5991793673008683,2.929561164811207,entry,0.0,1,2f2e40d20c95416a,,"{""reason"":""book imbalance 0.16 bid/ask, spread 2.0 ticks -> short"",""leg"":null,""stop"":2581.4558208,""size_mult"":1.0}",2578.98,15,short,1,98.96185888487003,-0.43896174782910563,4
19a86209bd0c49a7,1789896172410,3,S20,ETHUSDT,deb73584c36143e7,BUY,0.477,2578.8814047464357,0.49205057202561997,2.0998190558093315,stop,-2.0321116804498147,1,0b54b52552d64e27,,"{""reason"":""stop hit at 2578.31"",""fraction"":1.0,""leg"":null,""remaining"":0.0,""r"":-1.7126061280602551}",2578.34,15,short,0,79.02345323331429,0.0,1
bd62dbddea914aac,1789896155317,3,S17,BTCUSDT,8bb48c32da8c49a2,BUY,0.0142,80343.3953506993,0.45635048559197205,1.1570865546891986,time,-0.47048995937232396,1,faafec6397184c9d,,"{""reason"":""max hold reached"",""fraction"":1.0,""leg"":null,""remaining"":0.0,""r"":-1.0214094102221714}",80334.1,15,short,0,74.95185364459556,0.0,3
3ae57d2ea2924156,1789896120128,3,S19,BTCUSDT,7e494399bcb543d9,BUY,0.0175,80353.95592797158,0.5624776914958011,2.8701194648101485,entry,0.0,1,204c352f2b0043b7,,"{""reason"":""vol burst 2.7x ATR on 382.9x vol -> long"",""leg"":null,""stop"":80233.7,""size_mult"":1.0}",80330.9,15,long,1,93.16685440987429,-0.4034787395026797,1
04b92ee0d25a4bf9,1789896110276,3,S17,BTCUSDT,8bb48c32da8c49a2,SELL,0.0142,80310.26225496885,0.45616228960822314,2.2703953181182595,entry,0.0,1,faafec6397184c9d,,"{""reason"":""book imbalance 0.18 bid/ask, spread 2.0 ticks -> short"",""leg"":null,""stop"":80405.61536,""size_mult"":1.0}",80328.5,15,short,1,75.61971811011759,-0.25897597944228623,3
54b84077432546e4,1789896109365,3,S06,BTCUSDT,c6b3cdf403c64d97,BUY,0.0184,80348.89874131854,0.5913678947361044,2.5145111670603026,trail,-0.7511642322478234,1,57a32f47074e4685,,"{""reason"":""trail hit at 80328.5"",""fraction"":1.0,""leg"":null,""remaining"":0.0,""r"":-0.9810401386811848}",80328.7,15,short,0,96.59621511062329,0.0,1
2c401d8a2059488c,1789896098982,3,S01,BTCUSDT,49f62432332d4cd9,BUY,0.0177,80335.96989676132,0.5687786668690702,1.7018806435225857,stop,-1.9366467124135291,1,ca27cf7c706146ac,,"{""reason"":""stop hit at 80322.2"",""fraction"":1.0,""leg"":null,""remaining"":0.0,""r"":-1.815240950394363}",80322.3,15,short,0,91.74548517695641,0.0,1
06d829cb9caf42b1,1789896060411,3,S01,BTCUSDT,49f62432332d4cd9,SELL,0.0177,80226.55482826338,0.5680040081841048,2.298606983191277,entry,0.0,1,ca27cf7c706146ac,,"{""reason"":""EMA5/13 cross short"",""leg"":null,""stop"":80322.21159402234,""size_mult"":1.0}",80245.0,15,short,1,93.92443101650086,-0.32647953973812693,1
37140b9575c3419f,1789895836508,3,S17,SOLUSDT,5b763df897bf40db,BUY,10.82,108.25950424698193,0.46854713438093787,1.8019444735715884,time,-0.8495528597137902,1,16f507354ffd4a7a,,"{""reason"":""max hold reached"",""fraction"":1.0,""leg"":null,""remaining"":0.0,""r"":-1.242289210028645}",108.24,15,short,0,76.33485637916809,0.0,3
c6e4688522d54bad,1789895791256,3,S17,SOLUSDT,5b763df897bf40db,SELL,10.82,108.18098734682354,0.46820731323705234,2.6811434411292767,entry,0.0,1,16f507354ffd4a7a,,"{""reason"":""book imbalance 0.31 bid/ask, spread 1.0 ticks -> short"",""leg"":null,""stop"":108.31388159999999,""size_mult"":1.0}",108.21,15,short,1,77.3390394658936,-0.31391690736920425,3
873d4670664f45af,1789895707880,3,S09,SOLUSDT,19381ad7a4a04099,SELL,12.74,108.09082667697753,0.5508308527458775,1.7735013433050137,trail,0.029189570997567957,1,96378f95dd9a4619,,"{""reason"":""trail hit at 108.111"",""fraction"":1.0,""leg"":null,""remaining"":0.0,""r"":-0.4706063389965305}",108.11,15,long,0,90.72627243430742,0.0,1
c438980251cf453c,1789895692423,3,S17,SOLUSDT,ca46c1d1f8c744df,BUY,11.25,108.29983857672956,0.487349273595283,2.7559413253499265,stop,-2.0502231247556324,1,941a384bbfa04c8f,,"{""reason"":""stop hit at 108.244"",""fraction"":1.0,""leg"":null,""remaining"":0.0,""r"":-2.129722287520191}",108.27,15,short,0,78.12116368649987,0.0,3
0857313c03d9493a,1789895683932,3,S17,SOLUSDT,ca46c1d1f8c744df,SELL,11.25,108.11759652119572,0.4865291843453808,2.0717106347577134,entry,0.0,1,941a384bbfa04c8f,,"{""reason"":""book imbalance 0.45 bid/ask, spread 1.0 ticks -> short"",""leg"":null,""stop"":108.2438144,""size_mult"":1.0}",108.14,15,short,1,80.40669694830264,-0.2520391365481345,3
9bd9c9fbde844bef,1789895591046,3,S17,SOLUSDT,c0934d848591486c,BUY,11.44,108.2725590646934,0.495455230280037,1.160083566726757,time,-0.4842090080259209,1,ee1b911ab9cc4719,,"{""reason"":""max hold reached"",""fraction"":1.0,""leg"":null,""remaining"":0.0,""r"":-0.9643265266684583}",108.26,15,short,0,81.14526526919616,0.0,3
ed566ed2991847ad,1789895545826,3,S17,SOLUSDT,c0934d848591486c,SELL,11.44,108.23023310245337,0.4952615466768266,2.749574870370931,entry,0.0,1,ee1b911ab9cc4719,,"{""reason"":""book imbalance 0.42 bid/ask, spread 1.0 ticks -> short"",""leg"":null,""stop"":108.3639296,""size_mult"":1.0}",108.26,15,short,1,81.78439619956859,-0.3405333079335219,3
47e3bc847a184cba,1789895485175,3,S17,SOLUSDT,709e275a7677467d,BUY,11.64,108.27969327312302,0.5041502518796608,1.8190719677629292,time,-0.4233181560974481,1,8b60ea391e4d4b1d,,"{""reason"":""max hold reached"",""fraction"":1.0,""leg"":null,""remaining"":0.0,""r"":-1.0196749971899088}",108.26,15,short,0,82.62019105417895,0.0,3
22cd3e9468644085,1789895439949,3,S17,SOLUSDT,709e275a7677467d,SELL,11.64,108.24332573393939,0.5039809246172219,1.540205621708223,entry,0.0,1,8b60ea391e4d4b1d,,"{""reason"":""book imbalance 0.38 bid/ask, spread 1.0 ticks -> short"",""leg"":null,""stop"":108.3639296,""size_mult"":1.0}",108.26,15,short,1,83.35357100521044,-0.19408845694560456,3
2771641b2dd14678,1789895439748,3,S17,BTCUSDT,41ba2e8c79204b28,BUY,0.016,80278.41359389978,0.5137818470009586,2.344092656800013,time,-0.9472494392248336,1,46272d158c0f4954,,"{""reason"":""max hold reached"",""fraction"":1.0,""leg"":null,""remaining"":0.0,""r"":-1.2693170403268113}",80259.6,15,short,0,84.05164038677327,0.0,3
2cee8658d8bc4e9a,1789895394585,3,S17,BTCUSDT,41ba2e8c79204b28,SELL,0.016,80219.21050394823,0.5134029472252687,2.5161574054346043,entry,0.0,1,46272d158c0f4954,,"{""reason"":""book imbalance 0.17 bid/ask, spread 2.0 ticks -> short"",""leg"":null,""stop"":80316.42982399999,""size_mult"":1.0}",80239.4,15,short,1,85.18963973617078,-0.32303193682827985,3
d445dbe3d6254efd,1789895375014,3,S17,ETHUSDT,074c143761244e82,SELL,0.51,2573.997980558233,0.5250955880338796,2.9595746468297843,time,-0.5782826390994796,1,557010eb611a4b03,,"{""reason"":""max hold reached"",""fraction"":1.0,""leg"":null,""remaining"":0.0,""r"":-1.1036600948256874}",2574.76,15,long,0,86.02607462022434,0.0,3
72e6e88a853b4b46,1789895329723,3,S17,ETHUSDT,074c143761244e82,BUY,0.51,2575.131868085879,0.5253269010895193,1.6385071945153071,entry,0.0,1,557010eb611a4b03,,"{""reason"":""book imbalance 7.01 bid/ask, spread 1.0 ticks -> long"",""leg"":null,""stop"":2572.2382784,""size_mult"":1.0}",2574.71,15,long,1,86.91430012355944,-0.21515272379826,3
f520890a5b1a426e,1789895317014,3,S17,SOLUSDT,fcaa7c55c4fc4f35,BUY,12.46,108.22132028067452,0.5393750602788818,2.894933050607378,time,-1.1293212113079347,1,e62915c6a8ea42e0,,"{""reason"":""max hold reached"",""fraction"":1.0,""leg"":null,""remaining"":0.0,""r"":-1.3306631359221288}",108.19,15,short,0,87.65477974844721,0.0,3
48b5d5aa21374b90,1789895272000,3,S17,SOLUSDT,fcaa7c55c4fc4f35,SELL,12.46,108.1306845494299,0.5389233317943587,2.710378196199902,entry,0.0,1,e62915c6a8ea42e0,,"{""reason"":""book imbalance 0.09 bid/ask, spread 2.0 ticks -> short"",""leg"":null,""stop"":108.2638336,""size_mult"":1.0}",108.16,15,short,1,88.95820550593065,-0.3652705141033892,3
dea48eff7b95434e,1789895196163,3,S17,SOLUSDT,9045468a0f494721,BUY,12.75,108.22180303930905,0.5519311955004762,2.9395544236112228,time,-0.9803230876757212,1,c7bcbbd3333540da,,"{""reason"":""max hold reached"",""fraction"":1.0,""leg"":null,""remaining"":0.0,""r"":-1.2676413243586802}",108.19,15,short,0,89.8623993518284,0.0,3
e8c66ded71e74bd0,1789895151066,3,S17,SOLUSDT,9045468a0f494721,SELL,12.75,108.14491495400115,0.5515390662654058,2.3190391050055634,entry,0.0,1,c7bcbbd3333540da,,"{""reason"":""book imbalance 0.02 bid/ask, spread 1.0 ticks -> short"",""leg"":null,""stop"":108.2738432,""size_mult"":1.0}",108.17,15,short,1,91.07481929851926,-0.31983433648533577,3
251e9a661b7745d5,1789895140262,3,S17,SOLUSDT,6ca2a93ee14c4275,BUY,12.96,108.20221687724975,0.5609202922916627,1.1292057722303874,time,-0.4629877895284517,1,cfbc6bb29d8d4b92,,"{""reason"":""max hold reached"",""fraction"":1.0,""leg"":null,""remaining"":0.0,""r"":-1.041850280340488}",108.19,15,short,0,91.94619270127,0.0,3
a33dc07291a246d3,1789895100261,3,S20,ETHUSDT,deb73584c36143e7,SELL,0.477,2574.621212544235,0.49123772735344,2.8298579057800515,entry,0.0,1,0b54b52552d64e27,,"{""reason"":""ensemble net -3 of 3 counted votes -> short"",""leg"":null,""stop"":2578.3124251035856,""size_mult"":1.0}",2575.35,15,short,1,81.19998386938977,-0.34763161639994633,1
8346bc895986467d,1789895100257,3,S07,ETHUSDT,a5e2d88c36124d4d,BUY,0.528,2576.073784998312,0.5440667833916436,2.8104335267518565,entry,0.0,1,f3a8563167ca4c0a,,"{""reason"":""MACD(6,13,4) hist zero-cross long, accelerating"",""leg"":null,""stop"":2572.691031886981,""size_mult"":1.0}",2575.35,15,long,1,89.82079953354823,-0.3821584791087953,1
2434eef8d8dd43ef,1789895095242,3,S17,SOLUSDT,6ca2a93ee14c4275,SELL,12.96,108.1664925107738,0.5607350971758515,1.2486124261615401,entry,0.0,1,cfbc6bb29d8d4b92,,"{""reason"":""book imbalance 0.08 bid/ask, spread 2.0 ticks -> short"",""leg"":null,""stop"":108.2838528,""size_mult"":1.0}",108.18,15,short,1,92.79504372271838,-0.1750570603717324,3
682529f7dd0c4310,1789895090169,3,S17,BTCUSDT,22d564fe3e134cd4,SELL,0.0177,80244.54440586378,0.5681313743935156,1.6391690935835554,time,-0.07394029962111963,1,9ccd4e96d76343d1,,"{""reason"":""max hold reached"",""fraction"":1.0,""leg"":null,""remaining"":0.0,""r"":-0.6981250476251561}",80257.7,15,long,0,93.53083588026595,0.0,3
0fbc7b274364453d,1789895045062,3,S17,BTCUSDT,22d564fe3e134cd4,BUY,0.0177,80248.72182392147,0.5681609505133641,2.607802273211305,entry,0.0,1,9ccd4e96d76343d1,,"{""reason"":""book imbalance 3.73 bid/ask, spread 1.0 ticks -> long"",""leg"":null,""stop"":80150.781312,""size_mult"":1.0}",80227.8,15,long,1,93.80259127087061,-0.3703162834099814,3
464b23477a28404a,1789895011717,3,S17,BTCUSDT,1eb2442c415c427a,SELL,0.018,80206.41082751962,0.5774861579581413,2.6535937687816777,time,-0.5441080353738216,1,94132d268d554d36,,"{""reason"":""max hold reached"",""fraction"":1.0,""leg"":null,""remaining"":0.0,""r"":-1.0982786412906562}",80227.7,15,long,0,94.74106850479396,0.0,3
612057f6379c4a54,1789894966517,3,S17,BTCUSDT,1eb2442c415c427a,BUY,0.018,80236.63905170705,0.5777038011722908,1.1142101427621653,entry,0.0,1,94132d268d554d36,,"{""reason"":""book imbalance 35.41 bid/ask, spread 1.0 ticks -> long"",""leg"":null,""stop"":80150.681408,""size_mult"":1.0}",80227.7,15,long,1,95.7017597673989,-0.16090293072702477,3
5dd7768c45284758,1789894963262,3,S20,SOLUSDT,2cdd67b65f7a4405,BUY,9.48,108.14313171862041,0.4100787554770086,2.139448633037528,be,0.3047747418761941,1,14cd6a51aa1c417c,,"{""reason"":""be hit at 108.11"",""fraction"":1.0,""leg"":null,""remaining"":0.0,""r"":-0.12091578298879703}",108.12,15,short,0,82.03885321314317,0.0,1
cc09c7e59a9e4a1e,1789894953525,3,S17,BTCUSDT,c840577b238b48ac,SELL,0.0183,80220.31186430743,0.5872126828467303,1.7932559967909067,time,-0.5074856532147067,1,7a37e624a66748c1,,"{""reason"":""max hold reached"",""fraction"":1.0,""leg"":null,""remaining"":0.0,""r"":-0.9450637478999908}",80234.7,15,long,0,96.44036649929821,0.0,3
0964443ba49a46cb,1789894946922,3,S03,SOLUSDT,f690420a11a44089,BUY,6.46,108.12379901151768,0.27939189664576164,1.2763862286252876,be,0.30113880837078455,1,365d2b614ace4f49,,"{""reason"":""be hit at 108.106"",""fraction"":1.0,""leg"":null,""remaining"":0.0,""r"":-0.06445184809017881}",108.11,15,short,0,96.66482748622157,0.0,1
a7807a7765314527,1789894908411,3,S17,BTCUSDT,c840577b238b48ac,BUY,0.0183,80248.04332076725,0.5874156771080163,2.523230197916993,entry,0.0,1,7a37e624a66748c1,,"{""reason"":""book imbalance 6.46 bid/ask, spread 1.0 ticks -> long"",""leg"":null,""stop"":80150.781312,""size_mult"":1.0}",80227.8,15,long,1,97.16461206531909,-0.3704527700405626,3
f5ea5bdddee54c34,1789894908145,3,S17,BTCUSDT,36b21ff3be8245fe,SELL,0.0186,80211.69215681704,0.5967749896467187,2.007763291897231,time,-0.6836960298269666,1,5cb236e134e448c0,,"{""reason"":""max hold reached"",""fraction"":1.0,""leg"":null,""remaining"":0.0,""r"":-1.0335134202341683}",80227.8,15,long,0,98.12248051246767,0.0,3
75ec07a27d2b420d,1789894863117,3,S17,BTCUSDT,36b21ff3be8245fe,BUY,0.0186,80248.450007883,0.5970484680586495,2.5739217432125487,entry,0.0,1,5cb236e134e448c0,,"{""reason"":""book imbalance 6.47 bid/ask, spread 1.0 ticks -> long"",""leg"":null,""stop"":80150.781312,""size_mult"":1.0}",80227.8,15,long,1,99.01886138531756,-0.3840901466237905,3
75cb93b6b91a485b,1789894863071,3,S17,SOLUSDT,d0c8a530b2fd4dd4,BUY,10.54,108.11110141507926,0.4557964035659741,1.9522078896533157,time,-0.6488200728911988,1,121559d8f467440d,,"{""reason"":""max hold reached"",""fraction"":1.0,""leg"":null,""remaining"":0.0,""r"":-1.1917694840323656}",108.09,15,short,0,74.39352839738376,0.0,2
88380896135c4ac2,1789894818032,3,S17,SOLUSDT,d0c8a530b2fd4dd4,SELL,10.54,108.04954353340078,0.4555368755368177,1.8928904042942292,entry,0.0,1,121559d8f467440d,,"{""reason"":""book imbalance 0.17 bid/ask, spread 2.0 ticks -> short"",""leg"":null,""stop"":108.1737472,""size_mult"":1.0}",108.07,15,short,1,75.28253371588524,-0.2156111579557128,2
98b8ed699da849af,1789894800530,3,S09,SOLUSDT,19381ad7a4a04099,BUY,12.74,108.08853550185998,0.5508191769174785,1.7151385083741464,entry,0.0,1,96378f95dd9a4619,,"{""reason"":""ATR expansion x1.53 long break of 12-bar range"",""leg"":null,""stop"":107.90965867259014,""size_mult"":1.0}",108.07,15,long,1,91.0117714223595,-0.23614229369622705,1
505ae3c2eefc40b0,1789894733914,3,S17,SOLUSDT,6f484107f57347d0,BUY,10.77,108.04398887896905,0.46545350409059866,1.294906874852677,time,-0.7077133926717226,1,9c763ea791a04a5d,,"{""reason"":""max hold reached"",""fraction"":1.0,""leg"":null,""remaining"":0.0,""r"":-1.1233875285787114}",108.03,15,short,0,75.95368174937775,0.0,2
be3a4ec1df6340fe,1789894688860,3,S17,SOLUSDT,6f484107f57347d0,SELL,10.77,107.97827732904595,0.46517041873352993,2.937012402004953,entry,0.0,1,9c763ea791a04a5d,,"{""reason"":""book imbalance 0.18 bid/ask, spread 1.0 ticks -> short"",""leg"":null,""stop"":108.1136896,""size_mult"":1.0}",108.01,15,short,1,76.78519547996493,-0.34165316617515573,2
15a6797822204e6d,1789894669714,3,S07,SOLUSDT,1dd842fa207d4970,BUY,6.26,107.72414624784582,0.2697412622046059,2.2419914434359978,tp,4.5926336605021865,1,b2b8e2b993b14d8d,,"{""reason"":""take-profit"",""fraction"":1.0,""leg"":null,""remaining"":0.0,""r"":2.165709008669704}",107.7,15,short,0,90.74702479604868,0.0,1
6436e5e771444b30,1789894669710,3,S01,SOLUSDT,60f4e1a8d577400f,SELL,2.31,107.68625961948011,0.09950210388839963,2.2041018029778696,stop,-2.063905309266645,1,d5236c03d7aa4765,,"{""reason"":""stop hit at 107.711"",""fraction"":1.0,""leg"":null,""remaining"":0.0,""r"":-1.1276257677792727}",107.71,15,long,0,94.8189145644231,0.0,1
ad8a69469d694aef,1789894431101,3,S17,ETHUSDT,ff072952e3cd440f,SELL,0.458,2573.205644046676,0.47141127398935107,1.9984922731451014,time,-0.05653312626918705,1,077500e324b74bb8,,"{""reason"":""max hold reached"",""fraction"":1.0,""leg"":null,""remaining"":0.0,""r"":-0.7500889456117142}",2573.72,15,long,0,77.5920190648736,0.0,2
07396f3504dd4fd8,1789894385806,3,S17,ETHUSDT,ff072952e3cd440f,BUY,0.458,2573.3290788201894,0.47143388723985874,1.7065588508998013,entry,0.0,1,077500e324b74bb8,,"{""reason"":""book imbalance 22.02 bid/ask, spread 2.0 ticks -> long"",""leg"":null,""stop"":2570.4200256,""size_mult"":1.0}",2572.89,15,long,1,77.91886536548536,-0.20109809964678152,2
7333ca8b57ae4c6c,1789894382065,3,S09,SOLUSDT,2d76df133cdd4135,BUY,13.41,107.97449847548131,0.5791752098224818,1.342948821907973,stop,-3.381032270668981,1,ad1dc3338494421b,,"{""reason"":""stop hit at 107.87"",""fraction"":1.0,""leg"":null,""remaining"":0.0,""r"":-2.2896082676609857}",107.96,15,short,0,91.7987328929732,0.0,1
389ebabaf0a844ad,1789894382062,3,S09,SOLUSDT,2d76df133cdd4135,SELL,13.41,107.72237078937624,0.5778227969142142,1.6362734939438113,entry,0.0,1,ad1dc3338494421b,,"{""reason"":""ATR expansion x1.53 short break of 12-bar range"",""leg"":null,""stop"":107.87017180782588,""size_mult"":1.0}",107.74,15,short,1,95.52253265900015,-0.23640771446452177,1
7e4be2e30c194324,1789894281978,3,S17,ETHUSDT,8292fa0929d7419a,SELL,0.47,2569.7584953637793,0.48311459712839055,2.729101546885545,time,-1.061906413450165,1,7499b581e27e430a,,"{""reason"":""max hold reached"",""fraction"":1.0,""leg"":null,""remaining"":0.0,""r"":-1.3419455375284761}",2570.46,15,long,0,78.591397352372,0.0,2
269670a5e6b641e9,1789894236389,3,S17,ETHUSDT,8292fa0929d7419a,BUY,0.47,2572.0178707115456,0.48353935969377054,2.908565461992501,entry,0.0,1,7499b581e27e430a,,"{""reason"":""book imbalance 10.82 bid/ask, spread 1.0 ticks -> long"",""leg"":null,""stop"":2568.8015808,""size_mult"":1.0}",2571.27,15,long,1,79.78491912852412,-0.3514992344264328,2
293eea588aa34df1,1789894106660,3,S17,ETHUSDT,5422f75e7292486b,SELL,0.478,2571.4904350080924,0.4916689711735473,1.203689991087059,time,-0.5073641690851346,1,234dc8ff41ba4b9c,,"{""reason"":""max hold reached"",""fraction"":1.0,""leg"":null,""remaining"":0.0,""r"":-0.996220715957535}",2571.8,15,long,0,80.61995772264432,0.0,2
f663a1a2a2f949a4,1789894061185,3,S17,ETHUSDT,5422f75e7292486b,BUY,0.478,2572.55186632417,0.49187191684118137,2.5734628003924347,entry,0.0,1,234dc8ff41ba4b9c,,"{""reason"":""book imbalance 3.09 bid/ask, spread 2.0 ticks -> long"",""leg"":null,""stop"":2569.4209855999998,""size_mult"":1.0}",2571.89,15,long,1,81.30261875994965,-0.31637210295335805,2
decfeb84639e4fc8,1789894060174,3,S17,ETHUSDT,63fe335b7ead43fc,SELL,0.49,2571.396013726357,0.5039936186903661,1.8429635776410545,time,-0.9333030851004696,1,76f1e647ab0d4a14,,"{""reason"":""max hold reached"",""fraction"":1.0,""leg"":null,""remaining"":0.0,""r"":-1.3118715956975298}",2571.87,15,long,0,82.11086277974418,0.0,2
3b58f6115bcc4c06,1789894014713,3,S17,ETHUSDT,63fe335b7ead43fc,BUY,0.49,2573.3007139000315,0.5043669399244062,2.140565154140686,entry,0.0,1,76f1e647ab0d4a14,,"{""reason"":""book imbalance 4.34 bid/ask, spread 1.0 ticks -> long"",""leg"":null,""stop"":2570.28016,""size_mult"":1.0}",2572.75,15,long,1,83.2783096725196,-0.26984981101543326,2
d5db6e057b794abd,1789894012013,3,S17,SOLUSDT,404dc304146f435b,BUY,11.81,108.00836108056853,0.5102314977446059,2.626512369747485,time,0.00039132879895575456,1,644319f0abfc4d1f,,"{""reason"":""max hold reached"",""fraction"":1.0,""leg"":null,""remaining"":0.0,""r"":-0.7490878859224817}",107.98,15,short,0,84.05252642345943,0.0,2
68756d6b294147e4,1789893966917,3,S17,SOLUSDT,404dc304146f435b,SELL,11.81,108.00839421594524,0.5102316542761254,1.0744106697602014,entry,0.0,1,644319f0abfc4d1f,,"{""reason"":""book imbalance 0.33 bid/ask, spread 1.0 ticks -> short"",""leg"":null,""stop"":108.12369919999999,""size_mult"":1.0}",108.02,15,short,1,84.42530228271848,-0.13706430968661182,2
16162ae690d74e07,1789893959173,3,S17,ETHUSDT,d2ef1d8e37944646,SELL,0.499,2573.5850824074746,0.5136875824485319,2.194579152441145,time,0.5221824358218119,1,445e12830dc343c7,,"{""reason"":""max hold reached"",""fraction"":1.0,""leg"":null,""remaining"":0.0,""r"":-0.3409924811502811}",2574.15,15,long,0,85.07259824668121,0.0,2
8c1bedb313f142c9,1789893913910,3,S17,ETHUSDT,d2ef1d8e37944646,BUY,0.499,2572.5386246202565,0.5134787094742033,1.9386347811712379,entry,0.0,1,445e12830dc343c7,,"{""reason"":""book imbalance 6.29 bid/ask, spread 1.0 ticks -> long"",""leg"":null,""stop"":2569.5708415999998,""size_mult"":1.0}",2572.04,15,long,1,84.81528970779989,-0.24881368550803246,2
628147a568aa442b,1789893913576,3,S17,ETHUSDT,ccb311531b264946,SELL,0.508,2571.5360442290967,0.5225361241873525,1.959362105190113,time,-0.5058653905713182,1,cdb0ca3772e14d5c,,"{""reason"":""max hold reached"",""fraction"":1.0,""leg"":null,""remaining"":0.0,""r"":-1.0312139498315387}",2572.04,15,long,0,85.57758210278213,0.0,2
bdbca7a9ee3e4620,1789893868449,3,S17,ETHUSDT,ccb311531b264946,BUY,0.508,2572.5318422420323,0.522738470343581,1.9122651359698262,entry,0.0,1,cdb0ca3772e14d5c,,"{""reason"":""book imbalance 3.29 bid/ask, spread 1.0 ticks -> long"",""leg"":null,""stop"":2569.5708415999998,""size_mult"":1.0}",2572.04,15,long,1,86.35612775858836,-0.24985585895244003,2
fec70c9632024179,1789893867249,3,S17,SOLUSDT,451dd3bda968438f,SELL,12.38,107.9174339366275,0.5344071328541794,2.090611763248392,time,-0.975875644798097,1,1df2274452b94c92,,"{""reason"":""max hold reached"",""fraction"":1.0,""leg"":null,""remaining"":0.0,""r"":-1.2715712289936032}",107.94,15,long,0,87.12872208788437,0.0,2
aeed07b8ae064c4a,1789893822210,3,S17,SOLUSDT,451dd3bda968438f,BUY,12.38,107.99626072538341,0.5347974831120987,2.432224264462607,entry,0.0,1,1df2274452b94c92,,"{""reason"":""book imbalance 2.01 bid/ask, spread 2.0 ticks -> long"",""leg"":null,""stop"":107.8663488,""size_mult"":1.0}",107.97,15,long,1,88.31389708529005,-0.32510778024660425,2
32b362372c384801,1789893799362,3,S17,ETHUSDT,d7cb3ece184d4ba5,SELL,0.528,2573.316092930834,0.5434843588269923,1.6858943920976586,time,-0.4146570248918652,1,32325267bb764511,,"{""reason"":""max hold reached"",""fraction"":1.0,""leg"":null,""remaining"":0.0,""r"":-1.04098637741249}",2573.75,15,long,0,89.17380234864876,0.0,2
1a981ca2e5174acc,1789893780300,3,S08,ETHUSDT,6fc94bd1f0424a06,SELL,0.48,2573.248369427566,0.4940636869300927,2.3374733276365376,entry,0.0,1,5bc21961435b4ceb,,"{""reason"":""ORB short break of 2026-09-20 08:00 range"",""leg"":null,""stop"":2582.18,""size_mult"":1.0}",2573.85,15,short,1,99.21715363830168,-0.28878267476822655,1
de8f8ab1691246aa,1789893754253,3,S17,ETHUSDT,d7cb3ece184d4ba5,BUY,0.528,2574.1014282052506,0.543650221636949,1.015712729814232,entry,0.0,1,32325267bb764511,,"{""reason"":""book imbalance 2.07 bid/ask, spread 1.0 ticks -> long"",""leg"":null,""stop"":2571.3691136,""size_mult"":1.0}",2573.84,15,long,1,89.99390963999535,-0.13803409237224695,2
eb32add80add4b75,1789893616204,3,S17,BTCUSDT,a76e2063819a4d93,SELL,0.0172,80296.65454783403,0.5524409832890982,2.508248855280847,time,-0.801199645275873,1,371afb6d2a854fbc,,"{""reason"":""max hold reached"",""fraction"":1.0,""leg"":null,""remaining"":0.0,""r"":-1.1056840802438985}",80316.8,15,long,0,90.67559395400455,0.0,2
2409d8213fd94902,1789893600382,3,S06,BTCUSDT,c6b3cdf403c64d97,SELL,0.0184,80308.07459826159,0.5910674290432053,1.0490250120959914,entry,0.0,1,57a32f47074e4685,,"{""reason"":""5m supertrend flip short, 15m agrees"",""leg"":null,""stop"":80415.19247065981,""size_mult"":1.0}",80316.5,15,short,1,97.78371984562051,-0.1550273919867119,1
3b8fe29ad4ac4f4b,1789893571186,3,S17,BTCUSDT,a76e2063819a4d93,BUY,0.0172,80343.23592255937,0.5527614631472085,2.8804648599011453,entry,0.0,1,371afb6d2a854fbc,,"{""reason"":""book imbalance 50.12 bid/ask, spread 1.0 ticks -> long"",""leg"":null,""stop"":80242.992704,""size_mult"":1.0}",80320.1,15,long,1,91.63129671454851,-0.39793786802103276,2
a9578da5fa2a40a3,1789893571071,3,S17,BTCUSDT,ec05259931654b32,SELL,0.0176,80301.36233158413,0.5653215908143523,2.332874139335842,time,-0.7482302705412498,1,535d4a9e4be342a7,,"{""reason"":""max hold reached"",""fraction"":1.0,""leg"":null,""remaining"":0.0,""r"":-1.1240446896527712}",80320.1,15,long,0,92.58199604571675,0.0,2
c49b2fb0eaa64e2d,1789893525496,3,S17,BTCUSDT,ec05259931654b32,BUY,0.0176,80343.8754151376,0.5656208829225687,2.2253585560857743,entry,0.0,1,535d4a9e4be342a7,,"{""reason"":""book imbalance 4.40 bid/ask, spread 1.0 ticks -> long"",""leg"":null,""stop"":80248.88704,""size_mult"":1.0}",80326.0,15,long,1,93.5809406006505,-0.3146073064218508,2
aca5b4fe2d74480b,1789893491903,3,S17,SOLUSDT,70c9ac0341b44709,BUY,13.26,108.1979343146172,0.5738818436047296,2.582445651954808,time,-0.060192910316358164,1,5bf533406f0a4d67,,"{""reason"":""max hold reached"",""fraction"":1.0,""leg"":null,""remaining"":0.0,""r"":-0.6980730679674834}",108.17,15,short,0,94.46116878999491,0.0,2
a19e9322e3a54e35,1789893446707,3,S17,SOLUSDT,70c9ac0341b44709,SELL,13.26,108.19339487945005,0.573857766440603,2.4584291766723343,entry,0.0,1,5bf533406f0a4d67,,"{""reason"":""book imbalance 0.50 bid/ask, spread 2.0 ticks -> short"",""leg"":null,""stop"":108.3238912,""size_mult"":1.0}",108.22,15,short,1,94.74245964542372,-0.3527838984922724,2
8504c98004d64d9c,1789893417989,3,S17,ETHUSDT,8c068b578c564822,SELL,0.566,2575.6803930697533,0.5831340409909921,2.6766610783641362,time,-0.5341762294642367,1,c26b10cd5f144b0d,,"{""reason"":""max hold reached"",""fraction"":1.0,""leg"":null,""remaining"":0.0,""r"":-1.0976167295732664}",2576.37,15,long,0,95.66910131035661,0.0,2
57ea8a5c21eb4fc5,1789893372779,3,S17,ETHUSDT,8c068b578c564822,BUY,0.566,2576.6241673267573,0.5833477114827778,1.025350986496678,entry,0.0,1,c26b10cd5f144b0d,,"{""reason"":""book imbalance 3.01 bid/ask, spread 1.0 ticks -> long"",""leg"":null,""stop"":2573.8866944,""size_mult"":1.0}",2576.36,15,long,1,96.63689287386728,-0.14951870694455283,2
77e8a0e8f1504ef6,1789893310418,3,S17,SOLUSDT,1adc747db199499c,SELL,13.85,108.16820065199997,0.5992518316120798,1.0907143649509052,time,-1.4311645786497713,1,ea3d3c805301489d,,"{""reason"":""max hold reached"",""fraction"":1.0,""leg"":null,""remaining"":0.0,""r"":-1.5137765777630394}",108.18,15,long,0,97.3697592922946,0.0,2
7b02e20a4e3b4b38,1789893300223,3,S20,SOLUSDT,2cdd67b65f7a4405,SELL,9.48,108.17528095299554,0.4102006653737591,1.360481283340087,entry,0.0,1,14cd6a51aa1c417c,,"{""reason"":""ensemble net -5 of 5 counted votes -> short"",""leg"":null,""stop"":108.625,""size_mult"":1.25}",108.19,15,short,1,82.00462066114167,-0.13953656560230002,1
d02e9f6dd6f248d2,1789893300219,3,S03,SOLUSDT,f690420a11a44089,SELL,6.46,108.17041492612616,0.27951235216911,1.8102480704174946,entry,0.0,1,365d2b614ace4f49,,"{""reason"":""BB squeeze break short vol 6.1x"",""leg"":null,""stop"":108.78950921355059,""size_mult"":1.0}",108.19,15,short,1,96.51656099727154,-0.12651957722501578,1
91f6aa810d9f40e4,1789893265348,3,S17,SOLUSDT,1adc747db199499c,BUY,13.85,108.27153383457396,0.5998242974435397,1.989268782813958,entry,0.0,1,ea3d3c805301489d,,"{""reason"":""book imbalance 11.03 bid/ask, spread 1.0 ticks -> long"",""leg"":null,""stop"":108.14608,""size_mult"":1.0}",108.25,15,long,1,99.10193209370715,-0.2982436088493209,2
6ea94add19744c69,1789893048730,3,S20,SOLUSDT,e4d261f690ec4b16,BUY,11.57,108.6010328680227,0.5026055801132091,1.937084916438772,vote_flip,-0.38448350773951745,1,9e86aa3d2e3140b0,,"{""reason"":""vote_flip"",""fraction"":1.0,""leg"":null,""remaining"":0.0,""r"":-0.7848493933791145}",108.58,15,short,0,82.55435789211774,0.0,1
0162f75c73aa4c8b,1789893048279,3,S18,ETHUSDT,7534a91d66614628,BUY,0.106,2576.751045067446,0.1092542443108597,1.5178199764227376,rotate,0.6936786840439281,1,32d6ac91e2eb4f48,,"{""reason"":""rotate"",""fraction"":1.0,""leg"":null,""remaining"":0.0,""r"":0.23550540327832098}",2576.36,15,short,0,97.69955604654761,0.0,1
b1d49743c60d47a8,1789893048188,3,S06,SOLUSDT,48dfce9ec7854643,BUY,2.46,108.79390808653828,0.10705320555715367,2.7646452858390145,restart_gap,-1.283263547654342,1,ddd8d5b3d7e94ccb,,"{""reason"":""restart gap: level breached while offline (estimated)"",""fraction"":1.0,""leg"":null,""remaining"":0.0}",108.79390808653828,15,short,0,0.0,0.0,1
7da18471ec2341f0,1789893000515,3,S11,SOLUSDT,3343c34ee37f4664,BUY,1.12,108.60285501492906,0.048654079046688226,2.1049009881246796,regime,0.0903805788627301,1,afe395ee1809411d,,"{""reason"":""regime"",""fraction"":1.0,""leg"":""L4"",""remaining"":0.0,""r"":-0.00818055840227695}",108.58,15,short,0,102.32746113972064,0.0,1
19e9f6e23c774461,1789891240974,3,S07,SOLUSDT,1dd842fa207d4970,BUY,0.0,108.42,0.0,0.0,funding,0.06787092,1,,,"{""paper"":true,""rate"":0.0001,""note"":""paper funding; netted legs pay nothing on the exchange""}",108.42,15,short,0,0.0,0.0,1
e600927bd4f5475e,1789891240974,3,S20,SOLUSDT,e4d261f690ec4b16,BUY,0.0,108.42,0.0,0.0,funding,0.12544194,1,,,"{""paper"":true,""rate"":0.0001,""note"":""paper funding; netted legs pay nothing on the exchange""}",108.42,15,short,0,0.0,0.0,1
41a033c733654496,1789891240974,3,S11,SOLUSDT,3343c34ee37f4664,BUY,0.0,108.42,0.0,0.0,funding,0.012143040000000003,1,,,"{""paper"":true,""rate"":0.0001,""note"":""paper funding; netted legs pay nothing on the exchange""}",108.42,15,short,0,0.0,0.0,1
07bfdbbde49c47b8,1789891240974,3,S06,SOLUSDT,48dfce9ec7854643,BUY,0.0,108.42,0.0,0.0,funding,0.02667132,1,,,"{""paper"":true,""rate"":0.0001,""note"":""paper funding; netted legs pay nothing on the exchange""}",108.42,15,short,0,0.0,0.0,1
c6ed5a7f59cf42bf,1789891240974,3,S12,SOLUSDT,812b2f49a8554ed3,BUY,0.0,108.42,0.0,0.0,funding,0.031116540000000005,1,,,"{""paper"":true,""rate"":0.0001,""note"":""paper funding; netted legs pay nothing on the exchange""}",108.42,15,short,0,0.0,0.0,1
20d892f5bb2047d8,1789891240974,3,S14,SOLUSDT,e5b10916ec004fb1,BUY,0.0,108.42,0.0,0.0,funding,0.055727879999999994,1,,,"{""paper"":true,""rate"":0.0001,""note"":""paper funding; netted legs pay nothing on the exchange""}",108.42,15,short,0,0.0,0.0,1
9e388009f63e4c6c,1789891240974,3,S01,SOLUSDT,60f4e1a8d577400f,SELL,0.0,108.42,0.0,0.0,funding,-0.025045020000000005,1,,,"{""paper"":true,""rate"":0.0001,""note"":""paper funding; netted legs pay nothing on the exchange""}",108.42,15,long,0,0.0,0.0,1
931edfd62db74b24,1789891240702,3,S18,ETHUSDT,7534a91d66614628,BUY,0.0,2576.17052326,0.0,0.0,funding,0.027307407546556004,1,,,"{""paper"":true,""rate"":0.0001,""note"":""paper funding; netted legs pay nothing on the exchange""}",2576.17052326,15,short,0,0.0,0.0,1
34fa95611ef64b27,1789891240702,3,S02,ETHUSDT,ba9c6a140e2540df,SELL,0.0,2576.17052326,0.0,0.0,funding,-0.03864255784890001,1,,,"{""paper"":true,""rate"":0.0001,""note"":""paper funding; netted legs pay nothing on the exchange""}",2576.17052326,15,long,0,0.0,0.0,1
3954d331a3b548e5,1789891240702,3,S13,ETHUSDT,f91404409956442c,BUY,0.0,2576.17052326,0.0,0.0,funding,0.013911320825604,1,,,"{""paper"":true,""rate"":0.0001,""note"":""paper funding; netted legs pay nothing on the exchange""}",2576.17052326,15,short,0,0.0,0.0,1
cf72826e266b410d,1789891240702,3,S10,ETHUSDT,c13ce46eee374f57,BUY,0.0,2576.17052326,0.0,0.0,funding,0.024473619970970004,1,,,"{""paper"":true,""rate"":0.0001,""note"":""paper funding; netted legs pay nothing on the exchange""}",2576.17052326,15,short,0,0.0,0.0,1
7979a4960ee54fa2,1789891240430,3,S04,BTCUSDT,d12e4c5cea1140d0,BUY,0.0,80294.40730072,0.0,0.0,funding,0.0313148188472808,1,,,"{""paper"":true,""rate"":0.0001,""note"":""paper funding; netted legs pay nothing on the exchange""}",80294.40730072,15,short,0,0.0,0.0,1
d2fd5d2917b34903,1789890300575,3,S07,SOLUSDT,1dd842fa207d4970,SELL,6.26,108.45779379744681,0.27157831566880686,2.0470319462751645,entry,0.0,1,b2b8e2b993b14d8d,,"{""reason"":""MACD(8,21,5) hist zero-cross short, accelerating"",""leg"":null,""stop"":108.75662192763056,""size_mult"":1.0}",108.48,15,short,1,86.2172506497681,-0.13901082798298575,1
3b2c938d37f84b2b,1789890001152,3,S20,SOLUSDT,e4d261f690ec4b16,SELL,11.57,108.56780179561652,0.5024517867101133,1.1234301329420142,entry,0.0,1,9e86aa3d2e3140b0,,"{""reason"":""ensemble net -3 of 3 counted votes -> short"",""leg"":null,""stop"":108.72082300871138,""size_mult"":1.0}",108.58,15,short,1,83.1748718152536,-0.14113322471686957,1
9a710d6375b1447b,1789889254723,3,S07,ETHUSDT,f7facd14d2ec4567,BUY,0.482,2576.094260299267,0.49667097338569866,2.734577284478674,stop,-2.4785249689756057,1,f31740b24adf4bad,,"{""reason"":""stop hit at 2575.38"",""fraction"":1.0,""leg"":null,""remaining"":0.0,""r"":-1.6245484377256036}",2575.39,15,short,0,86.6278397934199,0.0,1
79cc603489974eea,1789887951281,3,S20,SOLUSDT,4c04400319d14ef9,BUY,6.28,108.8747469847729,0.27349336442574956,1.3546743315169412,stop,-1.9685200490103985,1,ae37b05434bd4e97,,"{""reason"":""stop hit at 108.855"",""fraction"":1.0,""leg"":null,""remaining"":0.0,""r"":-1.363675847598629}",108.86,15,short,0,83.81845682668057,0.0,1
57d2f2ee83a94464,1789887905356,3,S03,BTCUSDT,ccdd0cc42c9c4346,SELL,0.0107,80285.49016203619,0.3436218978935149,2.5664100191413524,stop,-2.389207594509504,1,b17403161aa1421e,,"{""reason"":""stop hit at 80307.2"",""fraction"":1.0,""leg"":null,""remaining"":0.0,""r"":-1.4270634041563335}",80306.1,15,long,0,96.92259292666567,0.0,1
864efa2b1ce846b7,1789887901550,3,S11,SOLUSDT,3343c34ee37f4664,SELL,1.12,108.68355196034221,0.04869023127823332,2.432898505912957,entry,0.0,1,afe395ee1809411d,,"{""reason"":""grid L4 short at 108.631 (mid 108.36)"",""leg"":""L4"",""stop"":109.4436,""size_mult"":1.0}",108.71,15,short,1,102.24396979548791,-0.02962180441671308,1
0edfb11b5a454840,1789886700270,3,S07,ETHUSDT,f7facd14d2ec4567,SELL,0.482,2570.9520923138402,0.49567956339810837,2.7138517533872175,entry,0.0,1,f31740b24adf4bad,,"{""reason"":""MACD(8,21,5) hist zero-cross short, accelerating"",""leg"":null,""stop"":2575.384700390798,""size_mult"":1.0}",2571.65,15,short,1,89.26664423105214,-0.3363915047290484,1
685e6de03bef4555,1789886564560,3,S11,SOLUSDT,a0ee31978e3e4b54,BUY,1.1,108.18602785321208,0.04760185225541332,1.481728132762789,tp,0.858012097227443,1,5befdbd12d7a4c51,,"{""reason"":""take-profit"",""fraction"":1.0,""leg"":""L6"",""remaining"":0.0,""r"":2.426476867701555}",108.17,15,short,0,102.32228183118285,0.0,1
a81e7690e2af4efd,1789886564555,3,S11,SOLUSDT,ef1f2cedaab54bff,BUY,1.11,108.19523859093663,0.048038685934375866,2.333233885238652,tp,0.8035331570562396,1,6489fc5e0f804eac,,"{""reason"":""take-profit"",""fraction"":1.0,""leg"":""L5"",""remaining"":0.0,""r"":1.915631668578446}",108.17,15,short,0,102.38751432197155,0.8756427357607308,1
50f54e5e04864d27,1789886400487,3,S06,SOLUSDT,48dfce9ec7854643,SELL,2.46,108.2722562378983,0.10653990013809193,1.6385411489243646,entry,0.0,1,ddd8d5b3d7e94ccb,,"{""reason"":""5m supertrend flip short, 15m agrees"",""leg"":null,""stop"":109.10082486265517,""size_mult"":1.0}",108.29,15,short,1,99.84981044509172,-0.043649654770187,1
4334a5152806464f,1789885839014,3,S07,BTCUSDT,da4e763648444e48,SELL,0.0173,80413.77955856812,0.5564633545452914,2.091298763391575,stop,-1.863160645253687,1,17f01c5bfb3849f4,,"{""reason"":""stop hit at 80432.2"",""fraction"":1.0,""leg"":null,""remaining"":0.0,""r"":-1.9277881908020802}",80430.6,15,long,0,90.0987152991793,0.0,1
0e0513abdf28462c,1789885500916,3,S20,SOLUSDT,4c04400319d14ef9,SELL,6.28,108.56128837824258,0.27270595640614537,1.7233027958574292,entry,0.0,1,ae37b05434bd4e97,,"{""reason"":""ensemble net -3 of 3 counted votes -> short"",""leg"":null,""stop"":108.8549307576839,""size_mult"":1.0}",108.58,15,short,1,85.94296125548014,-0.11750898463658871,1
8c2671a4d18a46b3,1789885200636,3,S07,BTCUSDT,da4e763648444e48,BUY,0.0173,80521.4767056926,0.5572086188033928,2.6803394404971996,entry,0.0,1,17f01c5bfb3849f4,,"{""reason"":""MACD(8,21,5) hist zero-cross long, accelerating"",""leg"":null,""stop"":80432.21832634824,""size_mult"":1.0}",80499.9,15,long,1,92.14506229049611,-0.37327700848219536,1
417b28dcf9384b36,1789885004046,3,S20,ETHUSDT,2dd018f583ef4f9f,BUY,0.52,2581.269888881361,0.5369041368873232,2.479583982829694,stop,-2.0462888120086062,1,104862ab427647ef,,"{""reason"":""stop hit at 2580.62"",""fraction"":1.0,""leg"":null,""remaining"":0.0,""r"":-1.8251159613362669}",2580.63,15,short,0,86.33317619652287,0.0,1
353ba276919046bc,1789884972150,3,S07,ETHUSDT,d7398867b9974315,BUY,0.466,2579.0027714453327,0.4807261165974101,1.7559149340997329,stop,-2.430445972640002,1,efc6003be2884535,,"{""reason"":""stop hit at 2578.53"",""fraction"":1.0,""leg"":null,""remaining"":0.0,""r"":-1.5328537317750532}",2578.55,15,short,0,93.07554791778169,0.0,1
012baf3a321143f5,1789883100299,3,S07,ETHUSDT,d7398867b9974315,SELL,0.466,2573.787222147822,0.4797539382083541,2.380274441338494,entry,0.0,1,efc6003be2884535,,"{""reason"":""MACD(8,21,5) hist zero-cross short, accelerating"",""leg"":null,""stop"":2578.534358253575,""size_mult"":1.0}",2574.4,15,short,1,95.70116552790408,-0.2855544791150269,1
1a3a34b04cd0429b,1789882407862,3,S07,ETHUSDT,a2bc139fc33f4534,BUY,0.477,2580.418801305399,0.4923439072890701,2.1660140682016813,stop,-2.5498581834677974,1,e8fa296076464de0,,"{""reason"":""stop hit at 2579.7"",""fraction"":1.0,""leg"":null,""remaining"":0.0,""r"":-1.6014730686583802}",2579.86,15,short,0,96.46647394522746,0.0,1
de98428d1e5a45e9,1789881900503,3,S07,ETHUSDT,a2bc139fc33f4534,SELL,0.477,2575.0731866650053,0.49132396401568307,1.696026553944414,entry,0.0,1,e8fa296076464de0,,"{""reason"":""MACD(8,21,5) hist zero-cross short, accelerating"",""leg"":null,""stop"":2579.6988101491315,""size_mult"":1.0}",2575.51,15,short,1,99.30031607519176,-0.20835996079256483,1
3ca58f5a5a43490d,1789881600981,3,S20,ETHUSDT,2dd018f583ef4f9f,SELL,0.52,2577.334718089037,0.5360856213625197,1.0679734752855738,entry,0.0,1,104862ab427647ef,,"{""reason"":""ensemble net -3 of 3 counted votes -> short"",""leg"":null,""stop"":2580.6214202834117,""size_mult"":1.0}",2577.61,15,short,1,88.77322255171791,-0.1431465937008943,1
ff45e44e82d84146,1789881001469,3,S03,BTCUSDT,ccdd0cc42c9c4346,BUY,0.0107,80508.7805914296,0.34457758093131874,1.8238096245059272,entry,0.0,1,b17403161aa1421e,,"{""reason"":""BB squeeze break long vol 4.6x"",""leg"":null,""stop"":80307.24214761755,""size_mult"":1.0}",80494.1,15,long,1,99.49834009077199,-0.1570823282967016,1
8150c35daca04165,1789880453536,3,S05,SOLUSDT,a25f74c4a1cd4053,SELL,9.98,108.68550139230504,0.43387252155808176,1.3338185551936548,stop,-3.7238874581941688,1,bcbbbd3665e04f94,,"{""reason"":""stop hit at 108.887"",""fraction"":1.0,""leg"":null,""remaining"":0.0,""r"":-2.6761457771551638}",108.7,15,long,0,71.94830709192385,0.0,1
a96c88d70de24c61,1789880221323,3,S05,SOLUSDT,a25f74c4a1cd4053,BUY,9.98,109.05863640815616,0.43536207654135944,1.7091350106513203,entry,0.0,1,bcbbbd3665e04f94,,"{""reason"":""VWAP reclaim long vol 61>35"",""leg"":null,""stop"":108.88666047362372,""size_mult"":1.0}",109.04,15,long,1,75.92007571827769,-0.18599135339842662,1
5bae594f11ef407a,1789880110296,3,S05,SOLUSDT,c48f87ae5ae8443e,SELL,10.98,108.87863884259198,0.478194981796664,1.9615387886150801,stop,-2.386083887200877,1,55da4ca8763e4023,,"{""reason"":""stop hit at 108.937"",""fraction"":1.0,""leg"":null,""remaining"":0.0,""r"":-1.910894122517297}",108.9,15,long,0,76.54142914821747,0.0,1
f77ffa278ca14e07,1789880100970,3,S05,SOLUSDT,c48f87ae5ae8443e,BUY,10.98,109.0959506720274,0.4791494153515444,1.4622911649617647,entry,0.0,1,55da4ca8763e4023,,"{""reason"":""VWAP reclaim long vol 352>56"",""leg"":null,""stop"":108.93660031260501,""size_mult"":1.0}",109.08,15,long,1,79.23056963835415,-0.17513837886086264,1
ebf9bdc537f84b30,1789880055542,3,S05,SOLUSDT,90466d9de3344a16,SELL,11.65,108.67759432393038,0.5064375895495156,2.9809287158140068,stop,-3.7465931574751816,1,29c8c7945b7341f9,,"{""reason"":""stop hit at 108.842"",""fraction"":1.0,""leg"":null,""remaining"":0.0,""r"":-2.606656648814588}",108.71,15,long,0,79.88485743256656,0.0,1
ac18be53528640f6,1789879980429,3,S05,SOLUSDT,90466d9de3344a16,BUY,11.65,108.9991903031128,0.5079362268125056,1.760901368398244,entry,0.0,1,29c8c7945b7341f9,,"{""reason"":""VWAP reclaim long vol 253>113"",""leg"":null,""stop"":108.84241219686736,""size_mult"":1.0}",108.98,15,long,1,83.91432114832722,-0.22356703126404512,1
928782ba957d4d75,1789879098740,3,S05,SOLUSDT,e3484fa7c67d4da6,SELL,12.05,108.84622941943506,0.5246388258016771,2.1833912524064125,stop,-1.8973344152568246,1,877ab9d174d14141,,"{""reason"":""stop hit at 108.927"",""fraction"":1.0,""leg"":null,""remaining"":0.0,""r"":-3.1968442054778095}",108.87,15,long,0,84.64582440640376,0.0,1
bc733e0cda2c4010,1789879080179,3,S05,SOLUSDT,e3484fa7c67d4da6,BUY,12.05,109.00368455763065,0.5253977595677798,1.2555791935646181,entry,0.0,1,877ab9d174d14141,,"{""reason"":""VWAP reclaim long vol 377>50"",""leg"":null,""stop"":108.927173133218,""size_mult"":1.0}",108.99,15,long,1,86.90289872801289,-0.16489891944938223,1
d239dad877b84c7f,1789878953274,3,S05,SOLUSDT,9a81338390dd4607,SELL,12.42,108.85492359687011,0.5407912604292507,2.3031229913566067,stop,-1.5828029480357872,1,50a2267faa464ed3,,"{""reason"":""stop hit at 108.886"",""fraction"":1.0,""leg"":null,""remaining"":0.0,""r"":-2.2268609064901392}",108.88,15,long,0,87.59319540703005,0.0,1
7e907932c1124781,1789878397680,3,S20,SOLUSDT,646b026067ff4cec,BUY,12.81,108.99904386931605,0.5585111007863756,1.7474646096579842,stop,-2.394026939010888,1,5b3a5a5c562247e1,,"{""reason"":""stop hit at 108.973"",""fraction"":1.0,""leg"":null,""remaining"":0.0,""r"":-1.7002686294592666}",108.98,15,short,0,89.45245476678132,0.0,1
f73894d518f64b53,1789878361363,3,S05,SOLUSDT,9a81338390dd4607,BUY,12.42,108.98236344775866,0.5414243816084651,1.1345735302055455,entry,0.0,1,50a2267faa464ed3,,"{""reason"":""VWAP reclaim long vol 1511>35"",""leg"":null,""stop"":108.8860059406144,""size_mult"":1.0}",108.97,15,long,1,89.56323559433253,-0.1535540211625468,1
582d110a8ea5486c,1789878300187,3,S20,SOLUSDT,646b026067ff4cec,SELL,12.81,108.81215652044713,0.5575534900107711,1.6395736058872477,entry,0.0,1,5b3a5a5c562247e1,,"{""reason"":""ensemble net -3 of 3 counted votes -> short"",""leg"":null,""stop"":108.9733144835344,""size_mult"":1.0}",108.83,15,short,1,92.17641783350638,-0.2285749730722124,1
813b5cc52cc64309,1789878120850,3,S15,SOLUSDT,9ac276c8311c45cf,BUY,5.11,108.72185827524353,0.2222274783145978,1.090817334517739,time,0.6472397783680425,1,cd34abc8a0cf4af7,,"{""reason"":""max hold reached"",""fraction"":1.0,""leg"":null,""remaining"":0.0,""r"":0.09378535850264762}",108.71,15,short,0,100.2025259258275,0.0,1
e9a299fe1d654520,1789878011885,3,S05,SOLUSDT,9bc5aa3d5ec04dd7,BUY,13.07,108.97800122669737,0.5697369904131739,1.6520949612122522,stop,-3.3776866949397895,1,5328ed1ab6374b58,,"{""reason"":""stop hit at 108.807"",""fraction"":1.0,""leg"":null,""remaining"":0.0,""r"":-3.9639920193351736}",108.96,15,short,0,90.25821399710354,0.0,1
a6eb81b5a3944500,1789878000728,3,S05,SOLUSDT,9bc5aa3d5ec04dd7,SELL,13.07,108.71957072211131,0.568385915735198,1.8787270451233895,entry,0.0,1,5328ed1ab6374b58,,"{""reason"":""VWAP reclaim short vol 763>354"",""leg"":null,""stop"":108.80673273749386,""size_mult"":1.0}",108.74,15,short,1,93.93862702045145,-0.26701066200506046,1
60d1228db715462c,1789877889273,3,S05,SOLUSDT,c2cf0fc883634cb6,SELL,13.38,108.88894548145498,0.5827736362167472,1.0151073044098584,stop,-1.2550844443799132,1,3ec04b3ced624e7e,,"{""reason"":""stop hit at 108.9"",""fraction"":1.0,""leg"":null,""remaining"":0.0,""r"":-2.199092995168877}",108.9,15,long,0,94.77402359819172,0.0,1
7d10d685b5f444b4,1789877880403,3,S05,SOLUSDT,c2cf0fc883634cb6,BUY,13.38,108.98274850420385,0.5832756699944991,2.0877848938939154,entry,0.0,1,3ec04b3ced624e7e,,"{""reason"":""VWAP reclaim long vol 10120>3882"",""leg"":null,""stop"":108.90046380740355,""size_mult"":1.0}",108.96,15,long,1,96.30750669254073,-0.3043749862476585,1
9f6f174097a1493a,1789877701302,3,S12,SOLUSDT,812b2f49a8554ed3,SELL,2.87,108.75686899357842,0.12485288560462802,2.1264025024441717,entry,0.0,1,0cc5aba954ae4efb,,"{""reason"":""EMA21 pullback short in stacked downtrend"",""leg"":null,""stop"":109.47642992074066,""size_mult"":1.0}",108.78,15,short,1,99.80876112596545,-0.0663859884299319,1
43a2f206f16a4df7,1789877400140,3,S14,SOLUSDT,e5b10916ec004fb1,SELL,5.14,108.80322005785538,0.22369942043895066,2.460713235744178,entry,0.0,1,9c6485bf9ed34fb5,,"{""reason"":""StochRSI K/D cross short from K=99.2, 15m trend down"",""leg"":null,""stop"":109.20579783594633,""size_mult"":1.0}",108.83,15,short,1,96.3620435638257,-0.13764890262331703,1
0bd0e3fe701e4936,1789877160482,3,S05,SOLUSDT,5ce8e75d44a04d17,SELL,13.76,108.88486656229689,0.5993023055588821,1.3896637009289428,stop,-1.6055958017786542,1,b211f2c1edc146b0,,"{""reason"":""stop hit at 108.9"",""fraction"":1.0,""leg"":null,""remaining"":0.0,""r"":-2.0148116826315263}",108.9,15,long,0,97.19515734878287,0.0,1
cadf50387fa04d48,1789877100783,3,S05,SOLUSDT,5ce8e75d44a04d17,BUY,13.76,109.00155230370522,0.5999445438795936,1.0599416189777269,entry,0.0,1,b211f2c1edc146b0,,"{""reason"":""VWAP reclaim long vol 1580>343"",""leg"":null,""stop"":108.90038140485055,""size_mult"":1.0}",108.99,15,long,1,99.24109575713645,-0.15895969898396287,1
16f71214811c482e,1789877100779,3,S11,SOLUSDT,a0ee31978e3e4b54,SELL,1.1,108.96603885069158,0.0479450570943043,2.1984722734575106,entry,0.0,1,5befdbd12d7a4c51,,"{""reason"":""grid L6 short at 108.981 (mid 108.17)"",""leg"":""L6"",""stop"":109.2517,""size_mult"":1.0}",108.99,15,short,1,100.65136784384559,-0.10500927124336201,1
fa3137f39dad454b,1789876566349,3,S20,BTCUSDT,a4634c101ab84b61,BUY,0.0144,80502.92239425443,0.4636968329909056,2.525066816235294,stop,-2.391693787894794,1,71fb909af083403f,,"{""reason"":""stop hit at 80482.6"",""fraction"":1.0,""leg"":null,""remaining"":0.0,""r"":-1.5807764010132435}",80482.6,15,short,0,92.96254629658937,0.0,1
15edbc5df5044d4a,1789876566347,3,S19,BTCUSDT,30871f70f825416c,BUY,0.0148,80499.40777478316,0.47655649402671635,2.0883737333479346,stop,-2.412832610990858,1,3bab11f6926f4330,,"{""reason"":""stop hit at 80482.6"",""fraction"":1.0,""leg"":null,""remaining"":0.0,""r"":-1.5549260122486037}",80482.6,15,short,0,94.13281084087276,0.0,1
f85f542d538f4ddc,1789876501074,3,S11,SOLUSDT,ef1f2cedaab54bff,SELL,1.11,108.91914233603234,0.048360099197198365,2.8322775555452795,entry,0.0,1,6489fc5e0f804eac,,"{""reason"":""grid L5 short at 108.711 (mid 108.17)"",""leg"":""L5"",""stop"":109.2517,""size_mult"":1.0}",108.95,15,short,1,100.77007016517915,-0.034252007004109124,1
4d976b282ee548b5,1789876320450,3,S15,SOLUSDT,9ac276c8311c45cf,SELL,5.11,108.84851968001223,0.22248637422594503,2.8912858181259136,entry,0.0,1,cd34abc8a0cf4af7,,"{""reason"":""fade up cascade 0.71% on 3.9x vol"",""leg"":null,""stop"":109.27111500000001,""size_mult"":1.0}",108.88,15,short,1,99.61664919063656,-0.1608644351374764,1
14d288e924c6445b,1789876267673,3,S11,SOLUSDT,ced16471a6474d04,BUY,1.1,108.18173471129465,0.04759996327296965,1.0848397240129666,tp,0.5344178777197485,1,b64f6e4b76204c54,,"{""reason"":""take-profit"",""fraction"":1.0,""leg"":""L4"",""remaining"":0.0,""r"":0.683228269370986}",108.17,15,short,0,100.85268227138046,0.0,1
603f440adbe44a1b,1789876200382,3,S11,SOLUSDT,ced16471a6474d04,SELL,1.1,108.66756914558533,0.04781373042405755,2.9835192653795977,entry,0.0,1,b64f6e4b76204c54,,"{""reason"":""grid L4 short at 108.44 (mid 108.17)"",""leg"":""L4"",""stop"":109.2517,""size_mult"":1.0}",108.7,15,short,1,100.33019041707755,-0.03567393985613734,1
74bf37e8899841db,1789876197640,3,S14,SOLUSDT,dac5f3db300a450e,BUY,5.05,108.70836595544026,0.21959089922998934,1.6897557678032034,stop,-2.838561739347814,1,b83ce143f11740c9,,"{""reason"":""stop hit at 108.566"",""fraction"":1.0,""leg"":null,""remaining"":0.0,""r"":-1.5476640766504646}",108.69,15,short,0,96.72339188688795,0.0,1
1894b187cdfa45b3,1789875600284,3,S14,SOLUSDT,dac5f3db300a450e,SELL,5.05,108.14627452190604,0.2184554745342502,2.193351030226504,entry,0.0,1,b83ce143f11740c9,,"{""reason"":""StochRSI K/D cross short from K=96.2, 15m trend down"",""leg"":null,""stop"":108.56550844967762,""size_mult"":1.0}",108.17,15,short,1,99.66173086109123,-0.11981366437452365,1
cb9a9157ab6d4db0,1789875599329,3,S11,SOLUSDT,f4d739c4c0bf4040,BUY,1.1,108.20713425732245,0.047611139073221884,2.5082508155330725,tp,0.5091040071070196,1,71ab9d14b69c4cce,,"{""reason"":""take-profit"",""fraction"":1.0,""leg"":""L4"",""remaining"":0.0,""r"":0.6354225785672598}",108.18,15,short,0,100.41367808735774,0.0,1
1caa7a3345a84052,1789875009323,3,S17,BTCUSDT,e0515aa0437d402b,SELL,0.014,80325.34679233268,0.44982194203706305,2.9935765129927576,halt,-0.5746648525068886,1,79a60325661d411e,,"{""reason"":""strategy halt -25%"",""fraction"":1.0,""leg"":null,""remaining"":0.0,""r"":-1.8397452632440014}",80349.4,15,long,0,73.831590179498,0.0,1
3fb370ef442a4691,1789875009319,3,S17,BTCUSDT,e0515aa0437d402b,BUY,0.014,80366.39428179746,0.4500518079780658,2.115047753618124,entry,0.0,1,79a60325661d411e,,"{""reason"":""book imbalance 3.12 bid/ask, spread 1.0 ticks -> long"",""leg"":null,""stop"":80309.14495059999,""size_mult"":1.0}",80349.4,15,long,1,74.61815702887742,-0.23791994516452541,1
d522ff0464cc4644,1789875005234,3,S17,ETHUSDT,a9c1f8a539c64d02,SELL,0.444,2583.682347072167,0.4588619848400169,2.0418345561419793,time,-0.37323881760434235,1,148f548294d6498d,,"{""reason"":""max hold reached"",""fraction"":1.0,""leg"":null,""remaining"":0.0,""r"":-1.5998985633120486}",2584.21,15,long,0,75.30612878202001,0.0,1
8f705e83602f4db8,1789875000448,3,S20,BTCUSDT,a4634c101ab84b61,SELL,0.0144,80336.83254787285,0.46274015547574765,1.5641003077994868,entry,0.0,1,71fb909af083403f,,"{""reason"":""ensemble net -3 of 3 counted votes -> short"",""leg"":null,""stop"":80482.6,""size_mult"":1.0}",80349.4,15,short,1,95.63696560684419,-0.1809713106308598,1
195b778c099148d9,1789874945168,3,S17,ETHUSDT,a9c1f8a539c64d02,BUY,0.444,2584.5229750397443,0.4590112803670586,2.0238972126332957,entry,0.0,1,148f548294d6498d,,"{""reason"":""book imbalance 3.96 bid/ask, spread 1.0 ticks -> long"",""leg"":null,""stop"":2582.705416,""size_mult"":1.0}",2584.0,15,long,1,75.90602866681789,-0.23220091764647988,1
debf8c9b13374b9f,1789874913366,3,S17,ETHUSDT,bae6eb5ebe03496f,BUY,0.449,2584.4923084255747,0.4641748185932333,1.905218365228854,time,0.07736870984664711,1,0a1d2eb1831b4e66,,"{""reason"":""max hold reached"",""fraction"":1.0,""leg"":null,""remaining"":0.0,""r"":-1.0132396969197812}",2584.0,15,short,0,76.59724086483143,0.0,1
53a24fd8b0434694,1789874880591,3,S19,BTCUSDT,30871f70f825416c,SELL,0.0148,80336.3785443108,0.47559136098232,1.8321411516695554,entry,0.0,1,3bab11f6926f4330,,"{""reason"":""vol burst 3.1x ATR on 6.7x vol -> short"",""leg"":null,""stop"":80482.6,""size_mult"":1.0}",80351.1,15,short,1,96.80432240169019,-0.21787754420015262,1
e5d5e79e435340fe,1789874853154,3,S17,ETHUSDT,bae6eb5ebe03496f,SELL,0.449,2584.664621810534,0.46420576607717184,2.225627753964467,entry,0.0,1,0a1d2eb1831b4e66,,"{""reason"":""book imbalance 0.07 bid/ask, spread 1.0 ticks -> short"",""leg"":null,""stop"":2586.53520524,""size_mult"":1.0}",2585.24,15,short,1,76.72570216650782,-0.2583448070702057,1
6e77341383ee4cf8,1789874700342,3,S11,SOLUSDT,f4d739c4c0bf4040,SELL,1.1,108.6699560819652,0.04781478067606469,2.7639299020051866,entry,0.0,1,71ab9d14b69c4cce,,"{""reason"":""grid L4 short at 108.45 (mid 108.18)"",""leg"":""L4"",""stop"":109.26180000000001,""size_mult"":1.0}",108.7,15,short,1,99.91913690948564,-0.033048309838287084,1
62fd9cf1e67b4247,1789874592370,3,S17,SOLUSDT,2c53ade960624fd4,BUY,11.04,108.81734077406135,0.4805373768582549,2.513169782271249,stop,-1.6390038988339346,1,9951c75830fd4389,,"{""reason"":""stop hit at 108.734"",""fraction"":1.0,""leg"":null,""remaining"":0.0,""r"":-3.590982425404636}",108.79,15,short,0,77.44825273965519,0.0,1
f975f93c19d84fec,1789874591862,3,S17,SOLUSDT,2c53ade960624fd4,SELL,11.04,108.66888027597857,0.4798817752987213,1.0231619452926255,entry,0.0,1,9951c75830fd4389,,"{""reason"":""book imbalance 0.32 bid/ask, spread 2.0 ticks -> short"",""leg"":null,""stop"":108.73444868,""size_mult"":1.0}",108.68,15,short,1,79.44503226215068,-0.12276175319670755,1
0fa8bb6819f840b3,1789874533707,3,S17,SOLUSDT,4e6678a0ce1b428f,BUY,11.35,108.76209662292942,0.49377991866809956,2.951956491254249,stop,-1.2266126656730314,1,0f7b94f9e79842c9,,"{""reason"":""stop hit at 108.724"",""fraction"":1.0,""leg"":null,""remaining"":0.0,""r"":-2.769693197571941}",108.73,15,short,0,80.04767579064611,0.0,1
68f353d167b54028,1789874517384,3,S19,ETHUSDT,3ab4cda97f264517,BUY,0.154,2595.251075507541,0.15986746625126452,2.625003401490058,stop,-2.183347099464603,1,e2e021263e7747ce,,"{""reason"":""stop hit at 2594.57"",""fraction"":1.0,""leg"":null,""remaining"":0.0,""r"":-1.2038754278944142}",2594.57,15,short,0,97.49779130687266,0.0,1
c33a3dbf911e464f,1789874511166,3,S17,SOLUSDT,4e6678a0ce1b428f,SELL,11.35,108.6540250224296,0.49328927360183034,1.4700448670669661,entry,0.0,1,0f7b94f9e79842c9,,"{""reason"":""book imbalance 0.18 bid/ask, spread 1.0 ticks -> short"",""leg"":null,""stop"":108.72444367,""size_mult"":1.0}",108.67,15,short,1,81.5867523795631,-0.1813159954241371,1
d623c9324d3449c4,1789874460800,3,S01,SOLUSDT,60f4e1a8d577400f,BUY,2.31,108.57972512132714,0.10032766601210628,2.7383805920909574,entry,0.0,1,d5236c03d7aa4765,,"{""reason"":""EMA8/21 cross long"",""leg"":null,""stop"":107.71066738626554,""size_mult"":1.0}",108.55,15,long,1,96.93870196731243,-0.06866503026570854,1
3e5d871b062e42ed,1789874458495,3,S17,SOLUSDT,ae7816a3cea448e3,BUY,11.7,108.57783953826286,0.5081442890390702,2.5646741835889237,stop,-1.3560301369574104,1,950c5d735a0d41fb,,"{""reason"":""stop hit at 108.544"",""fraction"":1.0,""leg"":null,""remaining"":0.0,""r"":-2.4597278769655024}",108.55,15,short,0,82.26135764858907,0.0,1
e68049bded894ec3,1789874452988,3,S20,SOLUSDT,7305cb10ebd0453f,BUY,5.97,108.54179258159493,0.2591978006848487,2.0081626976527556,stop,-2.344498615216686,1,8083b50ad5434beb,,"{""reason"":""stop hit at 108.512"",""fraction"":1.0,""leg"":null,""remaining"":0.0,""r"":-1.3219387684875226}",108.52,15,short,0,96.2806770729508,0.0,1
cd825641276943ee,1789874444810,3,S17,SOLUSDT,ae7816a3cea448e3,SELL,11.7,108.4619395265571,0.5076018769842872,2.586457133643232,entry,0.0,1,950c5d735a0d41fb,,"{""reason"":""book imbalance 0.04 bid/ask, spread 2.0 ticks -> short"",""leg"":null,""stop"":108.54435348999999,""size_mult"":1.0}",108.49,15,short,1,83.79722453530371,-0.3283075392818361,1
885908045c274153,1789874400457,3,S20,SOLUSDT,7305cb10ebd0453f,SELL,5.97,108.14907924571274,0.258260001238762,2.8582690226723324,entry,0.0,1,8083b50ad5434beb,,"{""reason"":""ensemble net -3 of 3 counted votes -> short"",""leg"":null,""stop"":108.5117206146179,""size_mult"":1.0}",108.18,15,short,1,98.69977658575736,-0.1845969030949756,1
e0dcba74a5f34703,1789874356651,3,S17,ETHUSDT,4075cb657bf44d4b,SELL,0.495,2579.44533023977,0.5107301753874744,1.9173692420372086,time,0.431760451166424,1,00ed94de1b9a43e4,,"{""reason"":""max hold reached"",""fraction"":1.0,""leg"":null,""remaining"":0.0,""r"":-0.5911695067223862}",2579.94,15,long,0,84.63313395156983,0.0,1
13c0ec3014f14b76,1789874296644,3,S17,ETHUSDT,4075cb657bf44d4b,BUY,0.495,2578.5730869040804,0.5105574712070079,2.804999918848041,entry,0.0,1,00ed94de1b9a43e4,,"{""reason"":""book imbalance 5.68 bid/ask, spread 1.0 ticks -> long"",""leg"":null,""stop"":2576.5584971499998,""size_mult"":1.0}",2577.85,15,long,1,84.35417565827105,-0.35792801751982095,1
1d1e4a8ef6334869,1789874246608,3,S17,SOLUSDT,c60ffa3e53c0441c,SELL,12.42,107.77306865659963,0.535416605085987,2.498269332130689,stop,-3.211172034982522,1,63a8c9c23dfb451e,,"{""reason"":""stop hit at 107.966"",""fraction"":1.0,""leg"":null,""remaining"":0.0,""r"":-5.246361334912059}",107.8,15,long,0,85.2226611469979,0.0,1
ec4f249c4c8b4899,1789874240309,3,S17,SOLUSDT,c60ffa3e53c0441c,BUY,12.42,108.0316171296256,0.53670107389998,1.0754609910747597,entry,0.0,1,63a8c9c23dfb451e,,"{""reason"":""book imbalance 10.54 bid/ask, spread 1.0 ticks -> long"",""leg"":null,""stop"":107.96588197999999,""size_mult"":1.0}",108.02,15,long,1,88.82496503711639,-0.1442847499500212,1
5265f3ad697f4e18,1789874188912,3,S17,ETHUSDT,cc104e265b25484f,SELL,0.52,2572.97380335205,0.5351785510972265,1.5784557583803727,tp,1.4436219044927567,1,096c270fb1a649c3,,"{""reason"":""take-profit"",""fraction"":1.0,""leg"":null,""remaining"":0.0,""r"":0.42664360636967047}",2573.38,15,long,0,89.50595086096638,0.0,1
70efba7dbacb4cc9,1789874171521,3,S17,ETHUSDT,cc104e265b25484f,BUY,0.52,2570.1976073818714,0.5346011023354293,1.5472308423659842,entry,0.0,1,096c270fb1a649c3,,"{""reason"":""book imbalance 5.18 bid/ask, spread 1.0 ticks -> long"",""leg"":null,""stop"":2568.5125302,""size_mult"":1.0}",2569.8,15,long,1,88.3907516689978,-0.20675583857304447,1
6a0d2f86de0b43cb,1789874115088,3,S20,BTCUSDT,f4f9c6f45eae49a2,BUY,0.0181,80300.39363860308,0.5813748499434863,1.3318817486039798,tp,2.8333562388608917,1,de4092dd95a14599,,"{""reason"":""take-profit"",""fraction"":1.0,""leg"":null,""remaining"":0.0,""r"":1.1875787818414383}",80289.7,15,short,0,99.1426334900911,0.0,1
e64f9d00a6584919,1789874108196,3,S01,SOLUSDT,f599fcb9466c4e5c,SELL,6.98,107.96101753097415,0.30142716094647987,1.7579615693524684,stop,-2.288535600276684,1,11cb55f26c864ec6,,"{""reason"":""stop hit at 107.984"",""fraction"":1.0,""leg"":null,""remaining"":0.0,""r"":-1.3573040178016655}",107.98,15,long,0,97.10769466359024,0.0,1
ec8115b4ba0a4c7c,1789874100685,3,S18,ETHUSDT,7534a91d66614628,SELL,0.106,2583.295183596162,0.10953171578447728,2.804995332226106,entry,0.0,1,32d6ac91e2eb4f48,,"{""reason"":""RS leader z=-2.57, BTC trend down -> short"",""leg"":null,""stop"":2602.318611402429,""size_mult"":1.0}",2584.02,15,short,1,97.01099366046117,-0.076830538806812,1
1d833f1686cb4b7c,1789874100306,3,S04,BTCUSDT,d12e4c5cea1140d0,SELL,0.0039,80278.36056500145,0.12523424248140225,1.8855119030245904,entry,0.0,1,1b55288835bf49b0,,"{""reason"":""Donchian20 break short (tp band)"",""leg"":null,""stop"":80804.45,""size_mult"":1.0}",80293.5,15,short,1,99.81572196102427,-0.059043796494342674,1
1b6a663dff404a1a,1789873920252,3,S01,SOLUSDT,f599fcb9466c4e5c,BUY,6.98,108.28888796081321,0.3023425751865905,1.7445239506055024,entry,0.0,1,11cb55f26c864ec6,,"{""reason"":""EMA8/21 cross long"",""leg"":null,""stop"":107.98359866187862,""size_mult"":1.0}",108.27,15,long,1,99.56581945833716,-0.13183796647625373,1
3b890507332e454a,1789873800709,3,S20,BTCUSDT,f4f9c6f45eae49a2,SELL,0.0181,80456.93265732468,0.5825081924390307,2.9283295550256208,entry,0.0,1,de4092dd95a14599,,"{""reason"":""ensemble net -4 of 4 counted votes -> short"",""leg"":null,""stop"":80534.6,""size_mult"":1.0}",80480.5,15,short,1,96.4640831987504,-0.4265689024232939,1
1f000b4b5ca84b3e,1789873773447,3,S17,SOLUSDT,fe1ba79bc6444989,BUY,12.28,108.34293161553171,0.5321804800954918,2.1170250675525613,tp,1.3335364872218287,1,db28166f5cc64dc4,,"{""reason"":""take-profit"",""fraction"":1.0,""leg"":null,""remaining"":0.0,""r"":0.3004269584855541}",108.32,15,short,0,89.13210860990628,0.0,1
af025b79b51f45e3,1789873738559,3,S17,SOLUSDT,fe1ba79bc6444989,SELL,12.28,108.45152579201557,0.5327138946903806,1.7031629007492315,entry,0.0,1,db28166f5cc64dc4,,"{""reason"":""book imbalance 0.19 bid/ask, spread 1.0 ticks -> short"",""leg"":null,""stop"":108.52434347,""size_mult"":1.0}",108.47,15,short,1,88.10388932873121,-0.22686327404874587,1
c1870992aadd4233,1789873625001,3,S17,BTCUSDT,60b41dc34ed349d5,BUY,0.0169,80462.27776549279,0.5439249976947312,1.2650714515568116,time,-0.9186841065750937,1,1f78b3120b824e07,,"{""reason"":""max hold reached"",""fraction"":1.0,""leg"":null,""remaining"":0.0,""r"":-1.8879136274936568}",80452.1,15,short,0,88.86346649747033,0.0,1
62668d72a8664bf7,1789873620457,3,S19,ETHUSDT,3ab4cda97f264517,SELL,0.154,2581.073496939589,0.15899412741147867,2.155626718048153,entry,0.0,1,e2e021263e7747ce,,"{""reason"":""vol burst 11.5x ATR on 4.3x vol -> short"",""leg"":null,""stop"":2594.57,""size_mult"":1.0}",2581.63,15,short,1,99.7553044012852,-0.08570147130331861,1
1f502adf20344584,1789873599607,3,S20,SOLUSDT,e5609dd2ac5a4eb8,BUY,3.44,108.14654364960477,0.14880964406185615,2.45501753651113,stop,-2.2301124632488643,1,9ff1634ebc99478c,,"{""reason"":""stop hit at 108.11"",""fraction"":1.0,""leg"":null,""remaining"":0.0,""r"":-1.2007398471531543}",108.12,15,short,0,97.47316029361274,0.0,1
1e164799c8214332,1789873589536,3,S16,SOLUSDT,d2de9a95b30140bf,SELL,4.59,108.06838094797632,0.19841354742048453,1.0750418230638639,funding_normalised,2.531505825495945,1,c531c04a25ac4c6e,,"{""reason"":""funding_normalised"",""fraction"":1.0,""leg"":null,""remaining"":0.0,""r"":1.0291007308974571}",108.08,15,long,0,102.13569133298517,0.0,1
8d59c1a0ca294ac9,1789873564633,3,S17,BTCUSDT,60b41dc34ed349d5,SELL,0.0169,80407.91775918657,0.5435575240521011,2.807671320385513,entry,0.0,1,1f78b3120b824e07,,"{""reason"":""book imbalance 0.08 bid/ask, spread 1.0 ticks -> short"",""leg"":null,""stop"":80470.7956805,""size_mult"":1.0}",80430.5,15,short,1,89.94443573199324,-0.38163986974690484,1
96f200675a3844f4,1789873528643,3,S16,SOLUSDT,d2de9a95b30140bf,BUY,4.59,107.51685462433886,0.19740094509028616,1.5678720315217436,entry,0.0,1,c531c04a25ac4c6e,,"{""reason"":""funding +0.010% / basis -30 bps, RSI 11 -> long"",""leg"":null,""stop"":107.06471984740331,""size_mult"":1.0}",107.5,15,long,1,99.72523632919435,-0.07736272571537597,1
581c150f0a314d08,1789873502069,3,S02,ETHUSDT,ba9c6a140e2540df,BUY,0.15,2578.447567444978,0.1547068540466987,1.3093601319488852,entry,0.0,1,547db5eda6d64378,,"{""reason"":""RSI7 26.7 reclaim long"",""leg"":null,""stop"":2564.7907494116857,""size_mult"":1.0}",2578.11,15,long,1,99.7946580292066,-0.05063511674670735,1
b3915deb48a84526,1789873462249,3,S17,BTCUSDT,cd5b1148409440e4,SELL,0.0171,80280.9896105474,0.5491219689361443,1.6452482810215747,time,0.0554491637603991,1,f08cd338c7bd434d,,"{""reason"":""max hold reached"",""fraction"":1.0,""leg"":null,""remaining"":0.0,""r"":-1.2108736658124306}",80294.2,15,long,0,90.86963312579225,0.0,1
4dd0ddc9740d4c88,1789873402133,3,S17,BTCUSDT,cd5b1148409440e4,BUY,0.0171,80277.74696939182,0.5490997892706402,1.2641426169225758,entry,0.0,1,f08cd338c7bd434d,,"{""reason"":""book imbalance 10.42 bid/ask, spread 1.0 ticks -> long"",""leg"":null,""stop"":80227.38593240001,""size_mult"":1.0}",80267.6,15,long,1,91.18979275436789,-0.17351317660010246,1
7faa6bb645bd4b40,1789873401974,3,S17,ETHUSDT,0252753ec3894a87,SELL,0.535,2574.122518195139,0.5508622188937597,2.941814006326199,tp,1.3059791050322385,1,7deb4c44ec354576,,"{""reason"":""take-profit"",""fraction"":1.0,""leg"":null,""remaining"":0.0,""r"":0.20044696418516375}",2574.88,15,long,0,91.91240572023862,0.0,1
353f3f59df2e4147,1789873395578,3,S17,ETHUSDT,0252753ec3894a87,BUY,0.535,2571.6814357558264,0.5503398272517469,2.41704104854203,entry,0.0,1,7deb4c44ec354576,,"{""reason"":""book imbalance 6.41 bid/ask, spread 1.0 ticks -> long"",""leg"":null,""stop"":2569.77189894,""size_mult"":1.0}",2571.06,15,long,1,90.82482070473299,-0.3324681293671756,1
cb33ed0a78154fff,1789873355673,3,S17,SOLUSDT,b264f06a373649f0,SELL,13.1,107.46778888915297,0.5631312137791616,2.9963824043755034,time,-1.0798767829295315,1,f6930a99f9464f12,,"{""reason"":""max hold reached"",""fraction"":1.0,""leg"":null,""remaining"":0.0,""r"":-2.0031043489804086}",107.5,15,long,0,91.7076286613519,0.0,1
4c9543974dd54604,1789873295265,3,S17,SOLUSDT,b264f06a373649f0,BUY,13.1,107.55022223136133,0.5635631644923333,2.8108474108385666,entry,0.0,1,f6930a99f9464f12,,"{""reason"":""book imbalance 10.73 bid/ask, spread 2.0 ticks -> long"",""leg"":null,""stop"":107.46613248,""size_mult"":1.0}",107.52,15,long,1,92.9547254272271,-0.39591123083349655,1
7a2143d203294fda,1789873275320,3,S17,ETHUSDT,60e29a4a80eb4307,SELL,0.543,2578.839884136386,0.5601240228344231,1.9001673442871616,tp,1.6686330256198008,1,6a30bc2638364588,,"{""reason"":""take-profit"",""fraction"":1.0,""leg"":null,""remaining"":0.0,""r"":0.6410978176366809}",2579.33,15,long,0,93.91419982255293,0.0,1
0d6c42ac931c4c95,1789873275095,3,S17,ETHUSDT,60e29a4a80eb4307,BUY,0.543,2575.766895138928,0.5594565696241752,1.1139482307280026,entry,0.0,1,6a30bc2638364588,,"{""reason"":""book imbalance 37.40 bid/ask, spread 1.0 ticks -> long"",""leg"":null,""stop"":2574.18968452,""size_mult"":1.0}",2575.48,15,long,1,92.64990675932977,-0.15578406043778206,1
a3a3cdeb13d748d5,1789873262510,3,S17,BTCUSDT,8cca044e7e8f45c5,SELL,0.0172,80442.6997834448,0.5534457745101002,1.0317107997670236,tp,2.208500940462039,1,2bd020209bb24ab6,,"{""reason"":""take-profit"",""fraction"":1.0,""leg"":null,""remaining"":0.0,""r"":1.1440402506552139}",80451.0,15,long,0,93.36514738939172,0.0,1
1107b76bf1a04694,1789873244899,3,S17,BTCUSDT,8cca044e7e8f45c5,BUY,0.0172,80314.29856597607,0.5525623741339154,1.9674795887926186,entry,0.0,1,2bd020209bb24ab6,,"{""reason"":""book imbalance 37.75 bid/ask, spread 1.0 ticks -> long"",""leg"":null,""stop"":80258.2704515,""size_mult"":1.0}",80298.5,15,long,1,91.43835688865131,-0.2717353347884782,1
77e7fec000b540f2,1789873242501,3,S17,SOLUSDT,fad5483d7b1d4c10,SELL,13.12,107.51110039541588,0.5642182548751425,2.687335371408766,time,-0.7174735418445243,1,fc9f10f8e93c4690,,"{""reason"":""max hold reached"",""fraction"":1.0,""leg"":null,""remaining"":0.0,""r"":-2.0197992165119505}",107.54,15,long,0,92.2626545975737,0.0,1
3a119724365d4ee8,1789873203771,3,S18,ETHUSDT,3532bcfff8e34700,BUY,0.125,2592.7640089204606,0.12963820044602303,1.1726658095416416,stop,-2.5443854382307904,1,b4d8e4a624cb43f6,,"{""reason"":""stop hit at 2588.91"",""fraction"":1.0,""leg"":null,""remaining"":0.0,""r"":-1.3589557524819382}",2592.46,15,short,0,97.19735591505246,0.0,1
9b14811a7fff4df0,1789873203624,3,S09,ETHUSDT,1190b7d9b4ad44e7,BUY,0.33,2581.4298033524515,0.34074873404252365,2.32407152912645,stop,-2.982932534549882,1,0597d51bcc9440cd,,"{""reason"":""stop hit at 2579.19"",""fraction"":1.0,""leg"":null,""remaining"":0.0,""r"":-1.633241961071849}",2580.83,15,short,0,96.33676317037889,0.0,1
18140037aa8d4e1a,1789873200624,3,S18,ETHUSDT,3532bcfff8e34700,SELL,0.125,2572.4089254146143,0.12862044627073072,2.0640768357816484,entry,0.0,1,b4d8e4a624cb43f6,,"{""reason"":""RS leader z=-4.08, BTC trend down -> short"",""leg"":null,""stop"":2588.907735356462,""size_mult"":1.0}",2572.94,15,short,1,99.80499523055605,-0.0663843231732244,1
33b8d2ea09194b67,1789873200562,3,S20,SOLUSDT,e5609dd2ac5a4eb8,SELL,3.44,107.49825514284638,0.1479175990765566,2.9521861018896622,entry,0.0,1,9ff1634ebc99478c,,"{""reason"":""ensemble net -3 of 3 counted votes -> short"",""leg"":null,""stop"":108.11,""size_mult"":1.0}",107.53,15,short,1,99.74288009231498,-0.10920230860847369,1
f1be15164d554a86,1789873200313,3,S13,ETHUSDT,f91404409956442c,SELL,0.054,2572.4006193444325,0.05556385337783975,2.8346047637212815,entry,0.0,1,81782ff69a524263,,"{""reason"":""30-bar range short break on 3.6x volume"",""leg"":null,""stop"":2609.5,""size_mult"":1.0}",2573.13,15,short,1,99.90504959122151,-0.039386555400652466,1
08d45ee1ed114032,1789873200311,3,S09,ETHUSDT,1190b7d9b4ad44e7,SELL,0.33,2572.3906138538155,0.33955556102870366,2.8734892764245847,entry,0.0,1,0597d51bcc9440cd,,"{""reason"":""ATR expansion x1.94 short break of 12-bar range"",""leg"":null,""stop"":2579.187351832696,""size_mult"":1.0}",2573.13,15,short,1,99.41644701073037,-0.2439974282409321,1
5a0ca2f0e6c64d72,1789873200300,3,S10,ETHUSDT,c13ce46eee374f57,SELL,0.095,2572.4030815703527,0.09775131709967341,2.8250357721822814,entry,0.0,1,db28c7775ebc4aa1,,"{""reason"":""15m trend short, 1m EMA9 pullback engulfing"",""leg"":null,""stop"":2595.2291119364113,""size_mult"":1.0}",2573.13,15,short,1,104.8047741262657,-0.06905725081650417,1
8962f8ed5bc84f96,1789873182265,3,S17,SOLUSDT,fad5483d7b1d4c10,BUY,13.12,107.56578587878818,0.5645052442918804,1.4677711565017169,entry,0.0,1,fc9f10f8e93c4690,,"{""reason"":""book imbalance 3.00 bid/ask, spread 1.0 ticks -> long"",""leg"":null,""stop"":107.49611745,""size_mult"":1.0}",107.55,15,long,1,93.33723566459246,-0.20711072970091207,1
523a3abb2a584033,1789873159446,3,S10,ETHUSDT,14157a42c3de4edb,BUY,0.35,2572.1313238525386,0.3600983853393554,1.1327448540284382,tp,5.6940570876956595,1,c25809b5707043bb,,"{""reason"":""take-profit"",""fraction"":1.0,""leg"":null,""remaining"":0.0,""r"":2.2467516211671583}",2571.84,15,short,0,104.97158269418186,0.0,1
1d3be72f7b31460c,1789873153898,3,S17,SOLUSDT,5be36418e28a4402,SELL,13.46,107.5985040217942,0.57931034565334,1.9973962280065785,stop,-1.3966033522942882,1,7d11f5701b8f4a79,,"{""reason"":""stop hit at 107.626"",""fraction"":1.0,""leg"":null,""remaining"":0.0,""r"":-2.491494020811171}",107.62,15,long,0,94.10885163858525,0.0,1
0f4731da1e694c95,1789873116757,3,S17,SOLUSDT,5be36418e28a4402,BUY,13.46,107.70226355762587,0.5798689869942578,2.06756664430321,entry,0.0,1,7d11f5701b8f4a79,,"{""reason"":""book imbalance 3.32 bid/ask, spread 1.0 ticks -> long"",""leg"":null,""stop"":107.62605232000001,""size_mult"":1.0}",107.68,15,long,1,95.78509785088877,-0.2996674856441095,1
4b9f5de3a184477d,1789873079000,3,S17,BTCUSDT,b1effadc93044ecb,SELL,0.0179,80477.01284232107,0.5762154119510189,2.855547537755563,tp,1.5387593300973181,1,e4b84a20efd2444d,,"{""reason"":""take-profit"",""fraction"":1.0,""leg"":null,""remaining"":0.0,""r"":0.42122757506384684}",80500.0,15,long,0,96.66463432352714,0.0,1
7dc34efcba294f57,1789873058415,3,S17,BTCUSDT,b1effadc93044ecb,BUY,0.0179,80391.04863393574,0.5755999082189799,1.3745501288570814,entry,0.0,1,e4b84a20efd2444d,,"{""reason"":""book imbalance 4.13 bid/ask, spread 1.0 ticks -> long"",""leg"":null,""stop"":80339.72962,""size_mult"":1.0}",80380.0,15,long,1,95.504319857931,-0.19777054744983324,1
0f840c62224344d7,1789873049511,3,S17,SOLUSDT,a4a6843148ac4e40,SELL,13.76,107.73714445805008,0.5929852430971077,1.1930897401318603,stop,-1.4663959409754215,1,dae09612a65e44bf,,"{""reason"":""stop hit at 107.766"",""fraction"":1.0,""leg"":null,""remaining"":0.0,""r"":-2.4803483075861235}",107.75,15,long,0,96.27769031359982,0.0,1
49b6a9aa46c8469b,1789873038491,3,S17,SOLUSDT,a4a6843148ac4e40,BUY,13.76,107.84371393050469,0.5935718014734979,2.199399972611146,entry,0.0,1,dae09612a65e44bf,,"{""reason"":""book imbalance 3.04 bid/ask, spread 2.0 ticks -> long"",""leg"":null,""stop"":107.76598218,""size_mult"":1.0}",107.82,15,long,1,98.0107678139277,-0.32630368374464525,1
43caabf4ce2a4b4e,1789872992874,3,S17,SOLUSDT,582fc9359287416b,SELL,14.08,107.99264692250455,0.6082145874675456,1.6066176738694093,stop,-1.334894788914571,1,5922f479247949df,,"{""reason"":""stop hit at 108.016"",""fraction"":1.0,""leg"":null,""remaining"":0.0,""r"":-2.531359269610503}",108.01,15,long,0,98.93064329914584,0.0,1
9f7802da930e44f2,1789872963292,3,S17,SOLUSDT,582fc9359287416b,BUY,14.08,108.08745479103541,0.6087485453831115,1.6151375067468834,entry,0.0,1,5922f479247949df,,"{""reason"":""book imbalance 4.08 bid/ask, spread 1.0 ticks -> long"",""leg"":null,""stop"":108.01585693,""size_mult"":1.0}",108.07,15,long,1,100.62798921774926,-0.245763457778703,1
4713953e6b214c59,1789872960309,3,S10,ETHUSDT,14157a42c3de4edb,SELL,0.35,2588.400058388812,0.36237600817443366,2.355887428739829,entry,0.0,1,c25809b5707043bb,,"{""reason"":""15m trend short, 1m EMA9 pullback engulfing"",""leg"":null,""stop"":2594.722306851683,""size_mult"":1.0}",2589.01,15,short,1,99.42414442790965,-0.2134795639159165,1
9ed584af7eb94b2b,1789872918159,3,S17,ETHUSDT,c5c4610107aa47ce,BUY,0.578,2589.3019346313026,0.5986466072867571,1.1275917485928504,tp,2.680866782197465,1,0238c566a6894b48,,"{""reason"":""take-profit"",""fraction"":1.0,""leg"":null,""remaining"":0.0,""r"":1.4172907616366597}",2589.01,15,short,0,101.48250122091108,0.0,1
84ba77a22b244f66,1789872917988,3,S17,ETHUSDT,c5c4610107aa47ce,SELL,0.578,2593.9401124551737,0.5997189539996362,1.9653011036103556,entry,0.0,1,0238c566a6894b48,,"{""reason"":""book imbalance 0.19 bid/ask, spread 1.0 ticks -> short"",""leg"":null,""stop"":2595.74981945,""size_mult"":1.0}",2594.45,15,short,1,99.10556604509085,-0.2947150009095103,1
b6deae768f524866,1789872364833,2,S06,BTCUSDT,7988bf00f4f646b8,BUY,0.0026,81141.60547544554,0.08438726969446336,1.3811685195122134,be,-0.4507755412311992,1,b51ee30606cb4976,,"{""reason"":""be hit at 80919.6"",""fraction"":1.0,""leg"":null,""remaining"":0.0}",81130.4,15,short,0,,,1
cc566f906147444a,1789871400326,2,S06,BTCUSDT,7988bf00f4f646b8,SELL,0.0026,80968.2302672797,0.08420695947797088,2.5521685959803913,entry,0.0,1,b51ee30606cb4976,,"{""reason"":""5m supertrend flip short, 15m agrees"",""leg"":null,""stop"":81168.12087960623,""size_mult"":1.0}",80988.9,15,short,1,,,1
f7367b0a71bb4816,1789870930731,2,S01,ETHUSDT,50ed26ed6d534340,SELL,0.125,2615.7073681144525,0.13078536840572264,2.494426934930967,stop,-0.6795285822880714,1,3fa8da38da034918,,"{""reason"":""stop hit at 2616.39"",""fraction"":1.0,""leg"":null,""remaining"":0.0}",2616.36,15,long,0,,,1
cecda5d9962b4a3b,1789869780151,2,S01,ETHUSDT,50ed26ed6d534340,BUY,0.125,2621.143596772757,0.13105717983863785,2.990416480013171,entry,0.0,1,3fa8da38da034918,,"{""reason"":""EMA8/21 cross long"",""leg"":null,""stop"":2616.3938341645235,""size_mult"":1.0}",2620.36,15,long,1,,,1
5cca01b729284592,1789868188656,2,S01,ETHUSDT,9d87859a61734edf,BUY,0.075,2619.3223119943123,0.07857966935982938,1.4979857969180337,trail,0.15223900671716137,1,927be44c5d954100,,"{""reason"":""trail hit at 2618.36"",""fraction"":1.0,""leg"":null,""remaining"":0.0}",2618.93,15,short,0,,,1
f67fb6a2591a49d1,1789868188655,2,S01,ETHUSDT,9d87859a61734edf,BUY,0.074,2617.935889361492,0.07749090232510017,1.1303669010719826,tp,0.25280442812295223,1,927be44c5d954100,,"{""reason"":""take-profit"",""fraction"":0.5,""leg"":null,""remaining"":0.075}",2617.64,15,short,0,,,1
66d77817276e4003,1789867620129,2,S01,ETHUSDT,9d87859a61734edf,SELL,0.149,2621.3521654172077,0.15623258905886558,1.8987912458464336,entry,0.0,1,927be44c5d954100,,"{""reason"":""EMA8/21 cross short"",""leg"":null,""stop"":2623.511995270306,""size_mult"":1.0}",2621.85,15,short,1,,,1
f200c418f8764b3f,1789867453844,2,S01,BTCUSDT,f63480ede4de4112,SELL,0.004,81131.49837964516,0.12981039740743225,1.5037051989049355,stop,-0.6088873763934826,1,f2e77de15d8440b3,,"{""reason"":""stop hit at 81144.4"",""fraction"":1.0,""leg"":null,""remaining"":0.0}",81143.7,15,long,0,,,1
e5071400938f4600,1789864968205,2,S06,SOLUSDT,6fe220b2aa7a4ba2,BUY,1.02,111.13744259016774,0.04534407657678844,2.4698578136747775,stop,-0.5363485619738776,1,9a51a44da81c4cdb,,"{""reason"":""stop hit at 111.107"",""fraction"":1.0,""leg"":null,""remaining"":0.0}",111.11,15,short,0,,,1
b73e64be92974f88,1789863901369,2,S06,SOLUSDT,6fe220b2aa7a4ba2,SELL,1.02,110.61161066666394,0.04512953715199889,1.662237488571491,entry,0.0,1,9a51a44da81c4cdb,,"{""reason"":""5m supertrend flip short, 15m agrees"",""leg"":null,""stop"":111.10740857029863,""size_mult"":1.0}",110.63,15,short,1,,,1
fa94fd6ad6404816,1789862458095,2,S01,BTCUSDT,f63480ede4de4112,SELL,0.0,81214.31291667,0.0,0.0,funding,-0.032485725166668,1,,,"{""paper"":true,""rate"":0.0001,""note"":""paper funding; netted legs pay nothing on the exchange""}",81214.31291667,15,long,0,,,1
ffb40c16062f4844,1789860600156,2,S01,BTCUSDT,f63480ede4de4112,BUY,0.004,81283.72022374353,0.13005395235798967,1.9589829850830867,entry,0.0,1,f2e77de15d8440b3,,"{""reason"":""EMA8/21 cross long"",""leg"":null,""stop"":81144.35795129875,""size_mult"":1.0}",81267.8,15,long,1,,,1
d059fe5cf90b4399,1789860570680,2,S01,BTCUSDT,00d4b94b6bdd4417,SELL,0.0024,81170.1331702984,0.07792332784348646,1.9051198367198419,trail,0.2839623164356802,1,466d78c8fec04b17,,"{""reason"":""trail hit at 81210.2"",""fraction"":1.0,""leg"":null,""remaining"":0.0}",81185.6,15,long,0,,,1
865817120b334dec,1789860566399,2,S01,BTCUSDT,00d4b94b6bdd4417,SELL,0.0024,81235.74813325964,0.07798631820792924,2.3816187218247933,tp,0.44143822754264106,1,466d78c8fec04b17,,"{""reason"":""take-profit"",""fraction"":0.5,""leg"":null,""remaining"":0.0024}",81255.1,15,long,0,,,1
a005e570ea4541da,1789858373060,2,S06,ETHUSDT,5e76e3ee4ab84d3a,BUY,0.052,2628.586929477742,0.054674608133137036,2.0430717746699347,trail,-0.038752028922232055,1,483a9e6ceb1a494b,,"{""reason"":""trail hit at 2628.05"",""fraction"":1.0,""leg"":null,""remaining"":0.0}",2628.05,15,short,0,,,1
50fa0c8478ba4583,1789854480323,2,S01,BTCUSDT,00d4b94b6bdd4417,BUY,0.0048,81051.8155384502,0.15561948583382437,2.741657178388585,entry,0.0,1,466d78c8fec04b17,,"{""reason"":""EMA8/21 cross long"",""leg"":null,""stop"":80939.4259545265,""size_mult"":1.0}",81029.6,15,long,1,,,1
d2ede379d99e4568,1789853770362,2,S01,SOLUSDT,87807ef4792e4c9f,BUY,0.41,110.87840181986601,0.018184057898458027,2.562184922510361,trail,0.39620166752491187,1,94bcebb5545e467b,,"{""reason"":""trail hit at 110.704"",""fraction"":1.0,""leg"":null,""remaining"":0.0}",110.85,15,short,0,,,1
ab73cd9d5f974e98,1789853770214,2,S01,SOLUSDT,87807ef4792e4c9f,BUY,0.42,110.39605231431452,0.01854653678880484,2.360452506524134,tp,0.6084519151620261,1,94bcebb5545e467b,,"{""reason"":""take-profit"",""fraction"":0.5,""leg"":null,""remaining"":0.41}",110.37,15,short,0,,,1
fd2495f234d14d5b,1789852500347,2,S06,ETHUSDT,5e76e3ee4ab84d3a,SELL,0.052,2627.8416981523146,0.05465910732156814,1.2491651897916232,entry,0.0,1,483a9e6ceb1a494b,,"{""reason"":""5m supertrend flip short, 15m agrees"",""leg"":null,""stop"":2637.4270163572646,""size_mult"":1.0}",2628.17,15,short,1,,,1
9278169badca4436,1789838640973,2,S01,SOLUSDT,87807ef4792e4c9f,SELL,0.83,111.84474735041458,0.037132456120337644,2.257320960528575,entry,0.0,1,94bcebb5545e467b,,"{""reason"":""EMA8/21 cross short"",""leg"":null,""stop"":112.46220495651338,""size_mult"":1.0}",111.87,15,short,1,,,1
ebcd2b57eeca4960,1789838613697,2,S06,BTCUSDT,07fa7d85429c42bb,SELL,0.0022,81652.9161702978,0.07185456622986208,1.5286559181970951,trail,-0.3377458445940342,1,3e3c76f3c4684543,,"{""reason"":""trail hit at 81666.1"",""fraction"":1.0,""leg"":null,""remaining"":0.0}",81665.4,15,long,0,,,1
53ce837ffb3e400f,1789837396144,2,S01,SOLUSDT,f756d15e87d74289,BUY,2.56,112.03464838297403,0.11472347994416542,1.3076578266421195,stop,-0.6027428932933981,1,b9c24173781848c8,,"{""reason"":""stop hit at 112.015"",""fraction"":1.0,""leg"":null,""remaining"":0.0}",112.02,15,short,0,,,1
eec08873b1794761,1789835100129,2,S06,BTCUSDT,07fa7d85429c42bb,BUY,0.0022,81806.43700874964,0.07198966456769969,2.7923702000926447,entry,0.0,1,3e3c76f3c4684543,,"{""reason"":""5m supertrend flip long, 15m agrees"",""leg"":null,""stop"":81564.03923437704,""size_mult"":1.0}",81783.6,15,long,1,,,1
93298d8b6e744324,1789834306090,2,S06,ETHUSDT,ef94e0230f3b469d,BUY,0.056,2645.195223888168,0.059252373015094964,1.0783878777292355,stop,-0.5467290878172935,1,b7d2d029d11b461e,,"{""reason"":""stop hit at 2644.91"",""fraction"":1.0,""leg"":null,""remaining"":0.0}",2644.91,15,short,0,,,1
5cf2043fb048488c,1789833900579,2,S06,ETHUSDT,ef94e0230f3b469d,SELL,0.056,2635.4322044628593,0.059033681379968055,2.4574198701886925,entry,0.0,1,b7d2d029d11b461e,,"{""reason"":""5m supertrend flip short, 15m agrees"",""leg"":null,""stop"":2644.9096617856226,""size_mult"":1.0}",2636.08,15,short,1,,,1
1bb30c34d9ed4f68,1789833605463,2,S01,SOLUSDT,f756d15e87d74289,BUY,0.0,111.61472632,0.0,0.0,funding,0.028573369937920003,1,,,"{""paper"":true,""rate"":0.0001,""note"":""paper funding; netted legs pay nothing on the exchange""}",111.61472632,15,short,0,,,1
4beb06da2aa647de,1789831140728,2,S01,SOLUSDT,f756d15e87d74289,SELL,2.56,111.79920194028129,0.11448238278684805,1.859958837301659,entry,0.0,1,b9c24173781848c8,,"{""reason"":""EMA8/21 cross short"",""leg"":null,""stop"":112.01470506228704,""size_mult"":1.0}",111.82,15,short,1,,,1
36a00c2041e34411,1789830654465,1,S01,ETHUSDT,c379a1ba4cac4d6f,SELL,2.179,2641.8396917493733,2.302627475328754,1.17445357238143,manual,4.004097196075972,1,be06317de7074b15,,"{""reason"":""flatten all from dashboard"",""fraction"":1.0,""leg"":null,""remaining"":0.0}",2642.15,15,long,0,,,1
962a5c89610a4e79,1789830120752,1,S01,ETHUSDT,c379a1ba4cac4d6f,BUY,2.179,2640.002106987521,2.3010258364503233,2.622302751555247,entry,0.0,1,be06317de7074b15,,"{""reason"":""EMA8/21 cross long"",""leg"":null,""stop"":2637.015739715118,""size_mult"":1.0}",2639.31,15,long,1,,,1
